,system_id,system_name,date_stamp,energy_prod(KWh),energy_life(MWh),C02 (Kg),KWp,performance,lat,lon,date_installed
0,1351535955,Featherbrook Community Centre,2018-08-02,151.0,,138.96,55.1,2.7,-37.8989584,144.7266761,2017-11-01
0,1351535955,Featherbrook Community Centre,2018-08-03,63.3,,58.25,55.1,1.2,-37.8989584,144.7266761,2017-11-01
0,1351535955,Featherbrook Community Centre,2018-08-01,105.6,,97.18,55.1,1.9,-37.8989584,144.7266761,2017-11-01
0,1351535955,Featherbrook Community Centre,2018-08-06,85.8,,78.94,55.1,1.6,-37.8989584,144.7266761,2017-11-01
0,1351535955,Featherbrook Community Centre,2018-08-04,69.0,,63.5,55.1,1.3,-37.8989584,144.7266761,2017-11-01
0,1351535955,Featherbrook Community Centre,2018-08-07,109.4,,100.64,55.1,2.0,-37.8989584,144.7266761,2017-11-01
0,1351535955,Featherbrook Community Centre,2018-08-05,149.0,,137.1,55.1,2.7,-37.8989584,144.7266761,2017-11-01
0,1351535955,Featherbrook Community Centre,2018-08-10,152.9,,140.71,55.1,2.8,-37.8989584,144.7266761,2017-11-01
0,1351535955,Featherbrook Community Centre,2018-08-13,77.0,,70.8,55.1,1.4,-37.8989584,144.7266761,2017-11-01
0,1351535955,Featherbrook Community Centre,2018-08-08,91.4,,84.06,55.1,1.7000000000000002,-37.8989584,144.7266761,2017-11-01
0,1351535955,Featherbrook Community Centre,2018-08-12,117.9,,108.47,55.1,2.1,-37.8989584,144.7266761,2017-11-01
0,1351535955,Featherbrook Community Centre,2019-09-26,193.5,,178.04,55.1,3.5,-37.8989584,144.7266761,2017-11-01
0,1351535955,Featherbrook Community Centre,2019-09-30,161.2,,148.27,55.1,2.9,-37.8989584,144.7266761,2017-11-01
0,1351535955,Featherbrook Community Centre,2019-09-27,79.5,,73.1,55.1,1.4,-37.8989584,144.7266761,2017-11-01
0,1351535955,Featherbrook Community Centre,2019-09-28,150.2,,138.21,55.1,2.7,-37.8989584,144.7266761,2017-11-01
0,1351535955,Featherbrook Community Centre,2019-09-29,131.4,,120.91,55.1,2.4,-37.8989584,144.7266761,2017-11-01
0,1351535955,Featherbrook Community Centre,2019-10-01,227.5,,209.31,55.1,4.1,-37.8989584,144.7266761,2017-11-01
0,1351535955,Featherbrook Community Centre,2019-10-02,169.2,,155.62,55.1,3.1,-37.8989584,144.7266761,2017-11-01
0,1351535955,Featherbrook Community Centre,2019-10-03,218.3,,200.87,55.1,4,-37.8989584,144.7266761,2017-11-01
0,1351535955,Featherbrook Community Centre,2018-08-09,81.3,,74.83,55.1,1.5,-37.8989584,144.7266761,2017-11-01
0,1351535955,Featherbrook Community Centre,2018-08-19,106.8,,98.25,55.1,1.9,-37.8989584,144.7266761,2017-11-01
0,1351535955,Featherbrook Community Centre,2018-08-11,86.4,,79.51,55.1,1.6,-37.8989584,144.7266761,2017-11-01
0,1351535955,Featherbrook Community Centre,2018-08-14,162.4,,149.44,55.1,3,-37.8989584,144.7266761,2017-11-01
0,1351535955,Featherbrook Community Centre,2018-08-15,149.7,,137.75,55.1,2.7,-37.8989584,144.7266761,2017-11-01
0,1351535955,Featherbrook Community Centre,2018-08-18,109.8,,101.01,55.1,2,-37.8989584,144.7266761,2017-11-01
0,1351535955,Featherbrook Community Centre,2018-08-16,102.2,,93.98,55.1,1.9,-37.8989584,144.7266761,2017-11-01
0,1351535955,Featherbrook Community Centre,2018-08-17,159.5,,146.7,55.1,2.9,-37.8989584,144.7266761,2017-11-01
0,1351535955,Featherbrook Community Centre,2018-08-21,79.2,,72.83,55.1,1.4,-37.8989584,144.7266761,2017-11-01
0,1351535955,Featherbrook Community Centre,2018-08-20,57.7,,53.08,55.1,1.1,-37.8989584,144.7266761,2017-11-01
0,1351535955,Featherbrook Community Centre,2018-08-24,177,,162.81,55.1,3.2,-37.8989584,144.7266761,2017-11-01
0,1351535955,Featherbrook Community Centre,2018-08-25,179,,164.69,55.1,3.3,-37.8989584,144.7266761,2017-11-01
0,1351535955,Featherbrook Community Centre,2018-08-22,85.4,,78.6,55.1,1.6,-37.8989584,144.7266761,2017-11-01
0,1351535955,Featherbrook Community Centre,2018-08-23,168.4,,154.94,55.1,3.1,-37.8989584,144.7266761,2017-11-01
0,1351535955,Featherbrook Community Centre,2018-08-26,151.8,,139.68,55.1,2.8,-37.8989584,144.7266761,2017-11-01
0,1351535955,Featherbrook Community Centre,2018-08-27,181.4,,166.93,55.1,3.3,-37.8989584,144.7266761,2017-11-01
0,1351535955,Featherbrook Community Centre,2018-08-28,155.4,,143.01,55.1,2.8,-37.8989584,144.7266761,2017-11-01
0,1351535955,Featherbrook Community Centre,2018-08-29,190.4,,175.2,55.1,3.5,-37.8989584,144.7266761,2017-11-01
0,1351535955,Featherbrook Community Centre,2018-08-30,25.1,,23.09,55.1,0.5,-37.8989584,144.7266761,2017-11-01
0,1351535955,Featherbrook Community Centre,2018-08-31,45.8,,42.18,55.1,0.8,-37.8989584,144.7266761,2017-11-01
0,1351535955,Featherbrook Community Centre,2018-09-01,75.3,,69.25,55.1,1.4,-37.8989584,144.7266761,2017-11-01
0,1351535955,Featherbrook Community Centre,2018-09-02,167.1,,153.75,55.1,3,-37.8989584,144.7266761,2017-11-01
0,1351535955,Featherbrook Community Centre,2018-09-03,197.3,,181.53,55.1,3.6,-37.8989584,144.7266761,2017-11-01
0,1351535955,Featherbrook Community Centre,2018-09-04,191.5,,176.17,55.1,3.5,-37.8989584,144.7266761,2017-11-01
0,1351535955,Featherbrook Community Centre,2018-09-09,80.6,,74.16,55.1,1.5,-37.8989584,144.7266761,2017-11-01
0,1351535955,Featherbrook Community Centre,2018-09-05,166.2,,152.92,55.1,3,-37.8989584,144.7266761,2017-11-01
0,1351535955,Featherbrook Community Centre,2018-09-06,138.9,,127.76,55.1,2.5,-37.8989584,144.7266761,2017-11-01
0,1351535955,Featherbrook Community Centre,2018-09-07,127.4,,117.22,55.1,2.3,-37.8989584,144.7266761,2017-11-01
0,1351535955,Featherbrook Community Centre,2018-09-08,176.7,,162.52,55.1,3.2,-37.8989584,144.7266761,2017-11-01
0,1351535955,Featherbrook Community Centre,2018-09-10,78.9,,72.61,55.1,1.4,-37.8989584,144.7266761,2017-11-01
0,1351535955,Featherbrook Community Centre,2018-09-11,196.4,,180.7,55.1,3.6,-37.8989584,144.7266761,2017-11-01
0,1351535955,Featherbrook Community Centre,2018-09-12,189.6,,174.44,55.1,3.4,-37.8989584,144.7266761,2017-11-01
0,1351535955,Featherbrook Community Centre,2018-09-13,199.1,,183.21,55.1,3.6,-37.8989584,144.7266761,2017-11-01
0,1351535955,Featherbrook Community Centre,2018-09-14,196.2,,180.54,55.1,3.6,-37.8989584,144.7266761,2017-11-01
0,1351535955,Featherbrook Community Centre,2018-09-15,117.7,,108.29,55.1,2.1,-37.8989584,144.7266761,2017-11-01
0,1351535955,Featherbrook Community Centre,2018-09-16,149.1,,137.19,55.1,2.7,-37.8989584,144.7266761,2017-11-01
0,1351535955,Featherbrook Community Centre,2018-09-17,196.7,,180.97,55.1,3.6,-37.8989584,144.7266761,2017-11-01
0,1351535955,Featherbrook Community Centre,2018-09-18,99,,91.12,55.1,1.8,-37.8989584,144.7266761,2017-11-01
0,1351535955,Featherbrook Community Centre,2018-09-19,172.3,,158.56,55.1,3.1,-37.8989584,144.7266761,2017-11-01
0,1351535955,Featherbrook Community Centre,2018-09-20,139.8,,128.66,55.1,2.5,-37.8989584,144.7266761,2017-11-01
0,1351535955,Featherbrook Community Centre,2018-09-25,184.5,,169.73,55.1,3.4,-37.8989584,144.7266761,2017-11-01
0,1351535955,Featherbrook Community Centre,2018-09-26,229.6,,211.26,55.1,4.2,-37.8989584,144.7266761,2017-11-01
0,1351535955,Featherbrook Community Centre,2018-09-27,220.6,,202.95,55.1,4,-37.8989584,144.7266761,2017-11-01
0,1351535955,Featherbrook Community Centre,2018-10-19,30.4,,27.93,55.1,0.6000000000000001,-37.8989584,144.7266761,2017-11-01
0,1351535955,Featherbrook Community Centre,2018-10-20,15.4,,14.18,55.1,0.30000000000000004,-37.8989584,144.7266761,2017-11-01
0,1351535955,Featherbrook Community Centre,2018-10-21,25,,23.0,55.1,0.5,-37.8989584,144.7266761,2017-11-01
0,1351535955,Featherbrook Community Centre,2018-10-24,29.5,,27.1,55.1,0.5,-37.8989584,144.7266761,2017-11-01
0,1351535955,Featherbrook Community Centre,2018-10-22,35.5,,32.63,55.1,0.6000000000000001,-37.8989584,144.7266761,2017-11-01
0,1351535955,Featherbrook Community Centre,2018-10-23,17,,15.68,55.1,0.30000000000000004,-37.8989584,144.7266761,2017-11-01
0,1351535955,Featherbrook Community Centre,2018-10-26,27.3,,25.16,55.1,0.5,-37.8989584,144.7266761,2017-11-01
0,1351535955,Featherbrook Community Centre,2018-12-17,23.5,,21.59,55.1,0.4,-37.8989584,144.7266761,2017-11-01
0,1351535955,Featherbrook Community Centre,2018-12-26,36.8,,33.85,55.1,0.7000000000000001,-37.8989584,144.7266761,2017-11-01
0,1351535955,Featherbrook Community Centre,2018-09-28,104,,95.67,55.1,1.9,-37.8989584,144.7266761,2017-11-01
0,1351535955,Featherbrook Community Centre,2018-09-29,116.7,,107.36,55.1,2.1,-37.8989584,144.7266761,2017-11-01
0,1351535955,Featherbrook Community Centre,2018-09-30,189.2,,174.03,55.1,3.4,-37.8989584,144.7266761,2017-11-01
0,1351535955,Featherbrook Community Centre,2018-10-01,224.6,,206.61,55.1,4.1,-37.8989584,144.7266761,2017-11-01
0,1351535955,Featherbrook Community Centre,2018-10-03,62.3,,57.3,55.1,1.1,-37.8989584,144.7266761,2017-11-01
0,1351535955,Featherbrook Community Centre,2018-10-05,238.5,,219.43,55.1,4.3,-37.8989584,144.7266761,2017-11-01
0,1351535955,Featherbrook Community Centre,2018-10-02,133.2,,122.51,55.1,2.4,-37.8989584,144.7266761,2017-11-01
0,1351535955,Featherbrook Community Centre,2018-10-04,107.8,,99.16,55.1,2,-37.8989584,144.7266761,2017-11-01
0,1351535955,Featherbrook Community Centre,2018-10-06,232.1,,213.54,55.1,4.2,-37.8989584,144.7266761,2017-11-01
0,1351535955,Featherbrook Community Centre,2018-10-07,162.7,,149.64,55.1,3,-37.8989584,144.7266761,2017-11-01
0,1351535955,Featherbrook Community Centre,2018-10-08,189.1,,173.98,55.1,3.4,-37.8989584,144.7266761,2017-11-01
0,1351535955,Featherbrook Community Centre,2018-10-11,37.2,,34.25,55.1,0.7000000000000001,-37.8989584,144.7266761,2017-11-01
0,1351535955,Featherbrook Community Centre,2018-10-09,6,,5.49,55.1,0.1,-37.8989584,144.7266761,2017-11-01
0,1351535955,Featherbrook Community Centre,2018-10-10,32.3,,29.7,55.1,0.6000000000000001,-37.8989584,144.7266761,2017-11-01
0,1351535955,Featherbrook Community Centre,2018-10-12,36.9,,33.98,55.1,0.7000000000000001,-37.8989584,144.7266761,2017-11-01
0,1351535955,Featherbrook Community Centre,2018-10-13,35.7,,32.83,55.1,0.7000000000000001,-37.8989584,144.7266761,2017-11-01
0,1351535955,Featherbrook Community Centre,2018-10-14,31.2,,28.72,55.1,0.6000000000000001,-37.8989584,144.7266761,2017-11-01
0,1351535955,Featherbrook Community Centre,2018-10-15,23.5,,21.59,55.1,0.4,-37.8989584,144.7266761,2017-11-01
0,1351535955,Featherbrook Community Centre,2018-10-16,3.4,,3.13,55.1,0.1,-37.8989584,144.7266761,2017-11-01
0,1351535955,Featherbrook Community Centre,2018-10-18,13.9,,12.83,55.1,0.30000000000000004,-37.8989584,144.7266761,2017-11-01
0,1351535955,Featherbrook Community Centre,2018-10-17,28.3,,26.06,55.1,0.5,-37.8989584,144.7266761,2017-11-01
0,1351535955,Featherbrook Community Centre,2018-10-25,35.2,,32.35,55.1,0.6000000000000001,-37.8989584,144.7266761,2017-11-01
0,1351535955,Featherbrook Community Centre,2018-10-29,31.3,,28.84,55.1,0.6000000000000001,-37.8989584,144.7266761,2017-11-01
0,1351535955,Featherbrook Community Centre,2018-10-27,19,,17.5,55.1,0.4,-37.8989584,144.7266761,2017-11-01
0,1351535955,Featherbrook Community Centre,2018-10-28,30.5,,28.05,55.1,0.6000000000000001,-37.8989584,144.7266761,2017-11-01
0,1351535955,Featherbrook Community Centre,2018-10-30,33.9,,31.15,55.1,0.6000000000000001,-37.8989584,144.7266761,2017-11-01
0,1351535955,Featherbrook Community Centre,2018-11-07,28.3,,26.05,55.1,0.5,-37.8989584,144.7266761,2017-11-01
0,1351535955,Featherbrook Community Centre,2018-10-31,18.2,,16.78,55.1,0.30000000000000004,-37.8989584,144.7266761,2017-11-01
0,1351535955,Featherbrook Community Centre,2018-11-01,16.7,,15.37,55.1,0.30000000000000004,-37.8989584,144.7266761,2017-11-01
0,1351535955,Featherbrook Community Centre,2018-11-04,26.5,,24.37,55.1,0.5,-37.8989584,144.7266761,2017-11-01
0,1351535955,Featherbrook Community Centre,2018-11-02,16.3,,15.0,55.1,0.30000000000000004,-37.8989584,144.7266761,2017-11-01
0,1351535955,Featherbrook Community Centre,2018-11-03,26.3,,24.16,55.1,0.5,-37.8989584,144.7266761,2017-11-01
0,1351535955,Featherbrook Community Centre,2018-11-05,16,,14.74,55.1,0.30000000000000004,-37.8989584,144.7266761,2017-11-01
0,1351535955,Featherbrook Community Centre,2018-11-08,26.6,,24.5,55.1,0.5,-37.8989584,144.7266761,2017-11-01
0,1351535955,Featherbrook Community Centre,2018-11-06,10.5,,9.68,55.1,0.2,-37.8989584,144.7266761,2017-11-01
0,1351535955,Featherbrook Community Centre,2018-12-16,16.6,,15.28,55.1,0.30000000000000004,-37.8989584,144.7266761,2017-11-01
0,1351535955,Featherbrook Community Centre,2018-12-25,35.8,,32.9,55.1,0.7000000000000001,-37.8989584,144.7266761,2017-11-01
0,1351535955,Featherbrook Community Centre,2019-03-16,202.9,,186.69,55.1,3.7,-37.8989584,144.7266761,2017-11-01
0,1351535955,Featherbrook Community Centre,2019-03-17,206.6,,190.09,55.1,3.8,-37.8989584,144.7266761,2017-11-01
0,1351535955,Featherbrook Community Centre,2019-03-19,104.9,,96.52,55.1,1.9,-37.8989584,144.7266761,2017-11-01
0,1351535955,Featherbrook Community Centre,2019-03-18,202.4,,186.23,55.1,3.7,-37.8989584,144.7266761,2017-11-01
0,1351535955,Featherbrook Community Centre,2019-03-20,82.2,,75.65,55.1,1.5,-37.8989584,144.7266761,2017-11-01
0,1351535955,Featherbrook Community Centre,2019-03-21,128.6,,118.34,55.1,2.3,-37.8989584,144.7266761,2017-11-01
0,1351535955,Featherbrook Community Centre,2019-04-13,106.1,,97.58,55.1,1.9,-37.8989584,144.7266761,2017-11-01
0,1351535955,Featherbrook Community Centre,2018-11-21,32.8,,30.22,55.1,0.6000000000000001,-37.8989584,144.7266761,2017-11-01
0,1351535955,Featherbrook Community Centre,2019-04-14,169.3,,155.74,55.1,3.1,-37.8989584,144.7266761,2017-11-01
0,1351535955,Featherbrook Community Centre,2019-04-16,169.3,,155.75,55.1,3.1,-37.8989584,144.7266761,2017-11-01
0,1351535955,Featherbrook Community Centre,2019-04-17,126.1,,115.99,55.1,2.3,-37.8989584,144.7266761,2017-11-01
0,1351535955,Featherbrook Community Centre,2019-04-18,140.6,,129.37,55.1,2.6,-37.8989584,144.7266761,2017-11-01
0,1351535955,Featherbrook Community Centre,2019-04-29,132.2,,121.62,55.1,2.4,-37.8989584,144.7266761,2017-11-01
0,1351535955,Featherbrook Community Centre,2019-05-12,71.6,,65.87,55.1,1.3,-37.8989584,144.7266761,2017-11-01
0,1351535955,Featherbrook Community Centre,2019-06-28,113.2,,104.19,55.1,2.1,-37.8989584,144.7266761,2017-11-01
0,1351535955,Featherbrook Community Centre,2019-06-29,12.4,,11.37,55.1,0.2,-37.8989584,144.7266761,2017-11-01
0,1351535955,Featherbrook Community Centre,2019-06-30,116.4,,107.07,55.1,2.1,-37.8989584,144.7266761,2017-11-01
0,1351535955,Featherbrook Community Centre,2019-07-03,59.7,,54.88,55.1,1.1,-37.8989584,144.7266761,2017-11-01
0,1351535955,Featherbrook Community Centre,2019-07-04,103.6,,95.3,55.1,1.9,-37.8989584,144.7266761,2017-11-01
0,1351535955,Featherbrook Community Centre,2018-11-22,21.1,,19.45,55.1,0.4,-37.8989584,144.7266761,2017-11-01
0,1351535955,Featherbrook Community Centre,2018-11-28,37.7,,34.72,55.1,0.7000000000000001,-37.8989584,144.7266761,2017-11-01
0,1351535955,Featherbrook Community Centre,2018-11-28,37.7,,34.72,55.1,0.7000000000000001,-37.8989584,144.7266761,2017-11-01
0,1351535955,Featherbrook Community Centre,2018-11-28,37.7,,34.72,55.1,0.7000000000000001,-37.8989584,144.7266761,2017-11-01
0,1351535955,Featherbrook Community Centre,2018-11-28,37.7,,34.72,55.1,0.7000000000000001,-37.8989584,144.7266761,2017-11-01
0,1351535955,Featherbrook Community Centre,2018-11-28,37.7,,34.72,55.1,0.7000000000000001,-37.8989584,144.7266761,2017-11-01
0,1351535955,Featherbrook Community Centre,2018-11-30,30,,27.6,55.1,0.5,-37.8989584,144.7266761,2017-11-01
0,1351535955,Featherbrook Community Centre,2018-11-28,37.7,,34.72,55.1,0.7000000000000001,-37.8989584,144.7266761,2017-11-01
0,1351535955,Featherbrook Community Centre,2018-12-04,258.9,,238.23,55.1,4.7,-37.8989584,144.7266761,2017-11-01
0,1351535955,Featherbrook Community Centre,2018-11-29,26.4,,24.27,55.1,0.5,-37.8989584,144.7266761,2017-11-01
0,1351535955,Featherbrook Community Centre,2018-12-01,35,,32.17,55.1,0.6000000000000001,-37.8989584,144.7266761,2017-11-01
0,1351535955,Featherbrook Community Centre,2018-12-02,27.3,,25.13,55.1,0.5,-37.8989584,144.7266761,2017-11-01
0,1351535955,Featherbrook Community Centre,2018-12-06,243.2,,223.72,55.1,4.4,-37.8989584,144.7266761,2017-11-01
0,1351535955,Featherbrook Community Centre,2018-12-03,100.3,,92.25,55.1,1.8,-37.8989584,144.7266761,2017-11-01
0,1351535955,Featherbrook Community Centre,2018-12-05,265.8,,244.55,55.1,4.8,-37.8989584,144.7266761,2017-11-01
0,1351535955,Featherbrook Community Centre,2018-12-07,196,,180.28,55.1,3.6,-37.8989584,144.7266761,2017-11-01
0,1351535955,Featherbrook Community Centre,2018-12-08,100.4,,92.33,55.1,1.8,-37.8989584,144.7266761,2017-11-01
0,1351535955,Featherbrook Community Centre,2018-12-09,119.9,,110.31,55.1,2.2,-37.8989584,144.7266761,2017-11-01
0,1351535955,Featherbrook Community Centre,2018-12-14,17.5,,16.13,55.1,0.30000000000000004,-37.8989584,144.7266761,2017-11-01
0,1351535955,Featherbrook Community Centre,2018-12-10,250.9,,230.87,55.1,4.6,-37.8989584,144.7266761,2017-11-01
0,1351535955,Featherbrook Community Centre,2018-12-11,95.4,,87.77,55.1,1.7000000000000002,-37.8989584,144.7266761,2017-11-01
0,1351535955,Featherbrook Community Centre,2018-12-15,22.5,,20.68,55.1,0.4,-37.8989584,144.7266761,2017-11-01
0,1351535955,Featherbrook Community Centre,2018-12-25,35.8,,32.9,55.1,0.7000000000000001,-37.8989584,144.7266761,2017-11-01
0,1351535955,Featherbrook Community Centre,2019-01-02,28.5,,26.23,55.1,0.5,-37.8989584,144.7266761,2017-11-01
0,1351535955,Featherbrook Community Centre,2019-07-01,78.3,,72.07,55.1,1.4,-37.8989584,144.7266761,2017-11-01
0,1351535955,Featherbrook Community Centre,2019-07-13,98.4,,90.49,55.1,1.8,-37.8989584,144.7266761,2017-11-01
0,1351535955,Featherbrook Community Centre,2019-07-23,104.1,,95.74,55.1,1.9,-37.8989584,144.7266761,2017-11-01
0,1351535955,Featherbrook Community Centre,2019-08-16,61.6,,56.71,55.1,1.1,-37.8989584,144.7266761,2017-11-01
0,1351535955,Featherbrook Community Centre,2019-08-18,91,,83.74,55.1,1.7000000000000002,-37.8989584,144.7266761,2017-11-01
0,1351535955,Featherbrook Community Centre,2019-08-20,78,,71.73,55.1,1.4,-37.8989584,144.7266761,2017-11-01
0,1351535955,Featherbrook Community Centre,2018-12-27,33.3,,30.63,55.1,0.6000000000000001,-37.8989584,144.7266761,2017-11-01
0,1351535955,Featherbrook Community Centre,2018-12-28,26.2,,24.14,55.1,0.5,-37.8989584,144.7266761,2017-11-01
0,1351535955,Featherbrook Community Centre,2018-12-29,9.6,,8.86,55.1,0.2,-37.8989584,144.7266761,2017-11-01
0,1351535955,Featherbrook Community Centre,2018-12-30,12.1,,11.09,55.1,0.2,-37.8989584,144.7266761,2017-11-01
0,1351535955,Featherbrook Community Centre,2018-12-31,34,,31.29,55.1,0.6000000000000001,-37.8989584,144.7266761,2017-11-01
0,1351535955,Featherbrook Community Centre,2019-01-01,36.8,,33.85,55.1,0.7000000000000001,-37.8989584,144.7266761,2017-11-01
0,1351535955,Featherbrook Community Centre,2019-01-03,27.1,,24.89,55.1,0.5,-37.8989584,144.7266761,2017-11-01
0,1351535955,Featherbrook Community Centre,2019-01-04,32,,29.43,55.1,0.6000000000000001,-37.8989584,144.7266761,2017-11-01
0,1351535955,Featherbrook Community Centre,2019-01-05,19.5,,17.9,55.1,0.4,-37.8989584,144.7266761,2017-11-01
0,1351535955,Featherbrook Community Centre,2019-01-06,37.7,,34.64,55.1,0.7000000000000001,-37.8989584,144.7266761,2017-11-01
0,1351535955,Featherbrook Community Centre,2019-01-07,33.1,,30.43,55.1,0.6000000000000001,-37.8989584,144.7266761,2017-11-01
0,1351535955,Featherbrook Community Centre,2019-01-23,29.8,,27.45,55.1,0.5,-37.8989584,144.7266761,2017-11-01
0,1351535955,Featherbrook Community Centre,2019-01-23,29.8,,27.45,55.1,0.5,-37.8989584,144.7266761,2017-11-01
0,1351535955,Featherbrook Community Centre,2019-01-08,31.2,,28.67,55.1,0.6000000000000001,-37.8989584,144.7266761,2017-11-01
0,1351535955,Featherbrook Community Centre,2019-01-09,33.4,,30.7,55.1,0.6000000000000001,-37.8989584,144.7266761,2017-11-01
0,1351535955,Featherbrook Community Centre,2019-08-19,141.5,,130.21,55.1,2.6,-37.8989584,144.7266761,2017-11-01
0,1351535955,Featherbrook Community Centre,2019-08-21,111.4,,102.47,55.1,2,-37.8989584,144.7266761,2017-11-01
0,1351535955,Featherbrook Community Centre,2019-09-12,116.4,,107.05,55.1,2.1,-37.8989584,144.7266761,2017-11-01
0,1351535955,Featherbrook Community Centre,2019-09-13,105.4,,97.01,55.1,1.9,-37.8989584,144.7266761,2017-11-01
0,1351535955,Featherbrook Community Centre,2019-09-14,201,,184.92,55.1,3.7,-37.8989584,144.7266761,2017-11-01
0,1351535955,Featherbrook Community Centre,2019-09-15,40.9,,37.64,55.1,0.7000000000000001,-37.8989584,144.7266761,2017-11-01
0,1351535955,Featherbrook Community Centre,2019-09-17,219.1,,201.61,55.1,4,-37.8989584,144.7266761,2017-11-01
0,1351535955,Featherbrook Community Centre,2019-09-16,178,,163.76,55.1,3.2,-37.8989584,144.7266761,2017-11-01
0,1351535955,Featherbrook Community Centre,2019-01-23,29.8,,27.45,55.1,0.5,-37.8989584,144.7266761,2017-11-01
0,1351535955,Featherbrook Community Centre,2019-01-23,29.8,,27.45,55.1,0.5,-37.8989584,144.7266761,2017-11-01
0,1351535955,Featherbrook Community Centre,2019-01-23,29.8,,27.45,55.1,0.5,-37.8989584,144.7266761,2017-11-01
0,1351535955,Featherbrook Community Centre,2019-01-23,29.8,,27.45,55.1,0.5,-37.8989584,144.7266761,2017-11-01
0,1351535955,Featherbrook Community Centre,2019-01-23,29.8,,27.45,55.1,0.5,-37.8989584,144.7266761,2017-11-01
0,1351535955,Featherbrook Community Centre,2019-01-23,29.8,,27.45,55.1,0.5,-37.8989584,144.7266761,2017-11-01
0,1351535955,Featherbrook Community Centre,2019-01-23,29.8,,27.45,55.1,0.5,-37.8989584,144.7266761,2017-11-01
0,1351535955,Featherbrook Community Centre,2019-01-23,29.8,,27.45,55.1,0.5,-37.8989584,144.7266761,2017-11-01
0,1351535955,Featherbrook Community Centre,2019-01-23,29.8,,27.45,55.1,0.5,-37.8989584,144.7266761,2017-11-01
0,1351535955,Featherbrook Community Centre,2019-01-23,29.8,,27.45,55.1,0.5,-37.8989584,144.7266761,2017-11-01
0,1351535955,Featherbrook Community Centre,2019-01-29,35.5,,32.7,55.1,0.6000000000000001,-37.8989584,144.7266761,2017-11-01
0,1351535955,Featherbrook Community Centre,2019-01-23,29.8,,27.45,55.1,0.5,-37.8989584,144.7266761,2017-11-01
0,1351535955,Featherbrook Community Centre,2019-02-20,148.9,,137.0,55.1,2.7,-37.8989584,144.7266761,2017-11-01
0,1351535955,Featherbrook Community Centre,2019-01-29,35.5,,32.7,55.1,0.6000000000000001,-37.8989584,144.7266761,2017-11-01
0,1351535955,Featherbrook Community Centre,2019-01-29,35.5,,32.7,55.1,0.6000000000000001,-37.8989584,144.7266761,2017-11-01
0,1351535955,Featherbrook Community Centre,2019-01-30,26.5,,24.35,55.1,0.5,-37.8989584,144.7266761,2017-11-01
0,1351535955,Featherbrook Community Centre,2019-01-29,35.5,,32.7,55.1,0.6000000000000001,-37.8989584,144.7266761,2017-11-01
0,1351535955,Featherbrook Community Centre,2019-01-29,35.5,,32.7,55.1,0.6000000000000001,-37.8989584,144.7266761,2017-11-01
0,1351535955,Featherbrook Community Centre,2019-01-29,35.5,,32.7,55.1,0.6000000000000001,-37.8989584,144.7266761,2017-11-01
0,1351535955,Featherbrook Community Centre,2019-04-15,135.6,,124.78,55.1,2.5,-37.8989584,144.7266761,2017-11-01
0,1351535955,Featherbrook Community Centre,2019-04-23,88.8,,81.72,55.1,1.6,-37.8989584,144.7266761,2017-11-01
0,1351535955,Featherbrook Community Centre,2019-02-21,165.6,,152.34,55.1,3,-37.8989584,144.7266761,2017-11-01
0,1351535955,Featherbrook Community Centre,2019-02-23,240.8,,221.49,55.1,4.4,-37.8989584,144.7266761,2017-11-01
0,1351535955,Featherbrook Community Centre,2019-02-22,218.3,,200.84,55.1,4,-37.8989584,144.7266761,2017-11-01
0,1351535955,Featherbrook Community Centre,2019-02-24,235.3,,216.48,55.1,4.3,-37.8989584,144.7266761,2017-11-01
0,1351535955,Featherbrook Community Centre,2019-02-25,222.5,,204.72,55.1,4,-37.8989584,144.7266761,2017-11-01
0,1351535955,Featherbrook Community Centre,2019-02-27,232.6,,213.98,55.1,4.2,-37.8989584,144.7266761,2017-11-01
0,1351535955,Featherbrook Community Centre,2019-02-27,232.6,,213.98,55.1,4.2,-37.8989584,144.7266761,2017-11-01
0,1351535955,Featherbrook Community Centre,2019-02-28,186,,171.15,55.1,3.4,-37.8989584,144.7266761,2017-11-01
0,1351535955,Featherbrook Community Centre,2019-03-01,196.4,,180.7,55.1,3.6,-37.8989584,144.7266761,2017-11-01
0,1351535955,Featherbrook Community Centre,2019-03-02,216,,198.7,55.1,3.9,-37.8989584,144.7266761,2017-11-01
0,1351535955,Featherbrook Community Centre,2019-03-03,131.3,,120.76,55.1,2.4,-37.8989584,144.7266761,2017-11-01
0,1351535955,Featherbrook Community Centre,2019-03-05,152.5,,140.3,55.1,2.8,-37.8989584,144.7266761,2017-11-01
0,1351535955,Featherbrook Community Centre,2019-03-04,212.5,,195.54,55.1,3.9,-37.8989584,144.7266761,2017-11-01
0,1351535955,Featherbrook Community Centre,2019-03-06,168.7,,155.19,55.1,3.1,-37.8989584,144.7266761,2017-11-01
0,1351535955,Featherbrook Community Centre,2019-03-07,211.3,,194.35,55.1,3.8,-37.8989584,144.7266761,2017-11-01
0,1351535955,Featherbrook Community Centre,2019-03-08,106.4,,97.93,55.1,1.9,-37.8989584,144.7266761,2017-11-01
0,1351535955,Featherbrook Community Centre,2019-03-09,216.6,,199.3,55.1,3.9,-37.8989584,144.7266761,2017-11-01
0,1351535955,Featherbrook Community Centre,2019-03-10,97.9,,90.03,55.1,1.8,-37.8989584,144.7266761,2017-11-01
0,1351535955,Featherbrook Community Centre,2019-03-11,122.7,,112.87,55.1,2.2,-37.8989584,144.7266761,2017-11-01
0,1351535955,Featherbrook Community Centre,2019-03-12,134.4,,123.6,55.1,2.4,-37.8989584,144.7266761,2017-11-01
0,1351535955,Featherbrook Community Centre,2019-03-13,103.2,,94.97,55.1,1.9,-37.8989584,144.7266761,2017-11-01
0,1351535955,Featherbrook Community Centre,2019-03-14,215.2,,197.99,55.1,3.9,-37.8989584,144.7266761,2017-11-01
0,1351535955,Featherbrook Community Centre,2019-03-15,189.3,,174.13,55.1,3.4,-37.8989584,144.7266761,2017-11-01
0,1351535955,Featherbrook Community Centre,2019-03-22,175.4,,161.39,55.1,3.2,-37.8989584,144.7266761,2017-11-01
0,1351535955,Featherbrook Community Centre,2019-03-23,145.6,,133.98,55.1,2.6,-37.8989584,144.7266761,2017-11-01
0,1351535955,Featherbrook Community Centre,2019-03-24,175.7,,161.65,55.1,3.2,-37.8989584,144.7266761,2017-11-01
0,1351535955,Featherbrook Community Centre,2019-03-25,179.8,,165.41,55.1,3.3,-37.8989584,144.7266761,2017-11-01
0,1351535955,Featherbrook Community Centre,2019-03-26,165.8,,152.52,55.1,3,-37.8989584,144.7266761,2017-11-01
0,1351535955,Featherbrook Community Centre,2019-03-27,210.6,,193.8,55.1,3.8,-37.8989584,144.7266761,2017-11-01
0,1351535955,Featherbrook Community Centre,2019-03-28,195.3,,179.7,55.1,3.5,-37.8989584,144.7266761,2017-11-01
0,1351535955,Featherbrook Community Centre,2019-03-29,73.3,,67.47,55.1,1.3,-37.8989584,144.7266761,2017-11-01
0,1351535955,Featherbrook Community Centre,2019-03-30,125.1,,115.06,55.1,2.3,-37.8989584,144.7266761,2017-11-01
0,1351535955,Featherbrook Community Centre,2019-03-31,110.6,,101.73,55.1,2,-37.8989584,144.7266761,2017-11-01
0,1351535955,Featherbrook Community Centre,2019-04-01,84.7,,77.89,55.1,1.5,-37.8989584,144.7266761,2017-11-01
0,1351535955,Featherbrook Community Centre,2019-04-02,196.2,,180.46,55.1,3.6,-37.8989584,144.7266761,2017-11-01
0,1351535955,Featherbrook Community Centre,2019-04-03,89.8,,82.64,55.1,1.6,-37.8989584,144.7266761,2017-11-01
0,1351535955,Featherbrook Community Centre,2019-04-05,145.3,,133.64,55.1,2.6,-37.8989584,144.7266761,2017-11-01
0,1351535955,Featherbrook Community Centre,2019-04-04,159.3,,146.54,55.1,2.9,-37.8989584,144.7266761,2017-11-01
0,1351535955,Featherbrook Community Centre,2019-04-06,124.5,,114.53,55.1,2.3,-37.8989584,144.7266761,2017-11-01
0,1351535955,Featherbrook Community Centre,2019-04-07,179.5,,165.11,55.1,3.3,-37.8989584,144.7266761,2017-11-01
0,1351535955,Featherbrook Community Centre,2019-04-08,89.7,,82.5,55.1,1.6,-37.8989584,144.7266761,2017-11-01
0,1351535955,Featherbrook Community Centre,2019-04-10,74.9,,68.9,55.1,1.4,-37.8989584,144.7266761,2017-11-01
0,1351535955,Featherbrook Community Centre,2019-04-09,126.6,,116.47,55.1,2.3,-37.8989584,144.7266761,2017-11-01
0,1351535955,Featherbrook Community Centre,2019-04-11,113.1,,104.05,55.1,2.1,-37.8989584,144.7266761,2017-11-01
0,1351535955,Featherbrook Community Centre,2019-04-12,183.2,,168.52,55.1,3.3,-37.8989584,144.7266761,2017-11-01
0,1351535955,Featherbrook Community Centre,2019-04-19,173.1,,159.29,55.1,3.1,-37.8989584,144.7266761,2017-11-01
0,1351535955,Featherbrook Community Centre,2019-04-20,165.9,,152.58,55.1,3,-37.8989584,144.7266761,2017-11-01
0,1351535955,Featherbrook Community Centre,2019-04-21,55.1,,50.72,55.1,1,-37.8989584,144.7266761,2017-11-01
0,1351535955,Featherbrook Community Centre,2019-04-22,37.8,,34.82,55.1,0.7000000000000001,-37.8989584,144.7266761,2017-11-01
0,1351535955,Featherbrook Community Centre,2019-04-24,95.9,,88.23,55.1,1.7000000000000002,-37.8989584,144.7266761,2017-11-01
0,1351535955,Featherbrook Community Centre,2019-04-25,117.4,,107.99,55.1,2.1,-37.8989584,144.7266761,2017-11-01
0,1351535955,Featherbrook Community Centre,2019-04-26,107.8,,99.18,55.1,2,-37.8989584,144.7266761,2017-11-01
0,1351535955,Featherbrook Community Centre,2019-05-05,87.3,,80.27,55.1,1.6,-37.8989584,144.7266761,2017-11-01
0,1351535955,Featherbrook Community Centre,2019-04-27,77.7,,71.48,55.1,1.4,-37.8989584,144.7266761,2017-11-01
0,1351535955,Featherbrook Community Centre,2019-04-28,62.2,,57.25,55.1,1.1,-37.8989584,144.7266761,2017-11-01
0,1351535955,Featherbrook Community Centre,2019-04-30,138.2,,127.13,55.1,2.5,-37.8989584,144.7266761,2017-11-01
0,1351535955,Featherbrook Community Centre,2019-05-01,88.7,,81.61,55.1,1.6,-37.8989584,144.7266761,2017-11-01
0,1351535955,Featherbrook Community Centre,2019-05-02,73.9,,68.01,55.1,1.3,-37.8989584,144.7266761,2017-11-01
0,1351535955,Featherbrook Community Centre,2019-05-03,143.9,,132.4,55.1,2.6,-37.8989584,144.7266761,2017-11-01
0,1351535955,Featherbrook Community Centre,2019-05-04,91.4,,84.11,55.1,1.7000000000000002,-37.8989584,144.7266761,2017-11-01
0,1351535955,Featherbrook Community Centre,2019-05-06,106.5,,98.0,55.1,1.9,-37.8989584,144.7266761,2017-11-01
0,1351535955,Featherbrook Community Centre,2019-05-19,125.5,,115.46,55.1,2.3,-37.8989584,144.7266761,2017-11-01
0,1351535955,Featherbrook Community Centre,2019-05-07,151.7,,139.6,55.1,2.8,-37.8989584,144.7266761,2017-11-01
0,1351535955,Featherbrook Community Centre,2019-05-08,107.9,,99.3,55.1,2,-37.8989584,144.7266761,2017-11-01
0,1351535955,Featherbrook Community Centre,2019-05-09,51.8,,47.66,55.1,0.9,-37.8989584,144.7266761,2017-11-01
0,1351535955,Featherbrook Community Centre,2019-05-14,136.2,,125.32,55.1,2.5,-37.8989584,144.7266761,2017-11-01
0,1351535955,Featherbrook Community Centre,2019-05-10,19.5,,17.97,55.1,0.4,-37.8989584,144.7266761,2017-11-01
0,1351535955,Featherbrook Community Centre,2019-05-11,82.7,,76.11,55.1,1.5,-37.8989584,144.7266761,2017-11-01
0,1351535955,Featherbrook Community Centre,2019-05-13,89.2,,82.11,55.1,1.6,-37.8989584,144.7266761,2017-11-01
0,1351535955,Featherbrook Community Centre,2019-05-15,70.5,,64.87,55.1,1.3,-37.8989584,144.7266761,2017-11-01
0,1351535955,Featherbrook Community Centre,2019-05-17,135,,124.24,55.1,2.5,-37.8989584,144.7266761,2017-11-01
0,1351535955,Featherbrook Community Centre,2019-05-16,95.6,,87.98,55.1,1.7000000000000002,-37.8989584,144.7266761,2017-11-01
0,1351535955,Featherbrook Community Centre,2019-05-18,132.6,,121.96,55.1,2.4,-37.8989584,144.7266761,2017-11-01
0,1351535955,Featherbrook Community Centre,2019-05-20,50.6,,46.53,55.1,0.9,-37.8989584,144.7266761,2017-11-01
0,1351535955,Featherbrook Community Centre,2019-05-21,67.7,,62.33,55.1,1.2,-37.8989584,144.7266761,2017-11-01
0,1351535955,Featherbrook Community Centre,2019-05-22,131.6,,121.07,55.1,2.4,-37.8989584,144.7266761,2017-11-01
0,1351535955,Featherbrook Community Centre,2019-05-23,130.3,,119.88,55.1,2.4,-37.8989584,144.7266761,2017-11-01
0,1351535955,Featherbrook Community Centre,2019-05-24,44.3,,40.79,55.1,0.8,-37.8989584,144.7266761,2017-11-01
0,1351535955,Featherbrook Community Centre,2019-05-25,89.7,,82.54,55.1,1.6,-37.8989584,144.7266761,2017-11-01
0,1351535955,Featherbrook Community Centre,2019-05-26,88.6,,81.52,55.1,1.6,-37.8989584,144.7266761,2017-11-01
0,1351535955,Featherbrook Community Centre,2019-05-27,96,,88.3,55.1,1.7000000000000002,-37.8989584,144.7266761,2017-11-01
0,1351535955,Featherbrook Community Centre,2019-05-28,29.3,,26.96,55.1,0.5,-37.8989584,144.7266761,2017-11-01
0,1351535955,Featherbrook Community Centre,2019-05-30,88,,80.92,55.1,1.6,-37.8989584,144.7266761,2017-11-01
0,1351535955,Featherbrook Community Centre,2019-05-29,94.5,,86.95,55.1,1.7000000000000002,-37.8989584,144.7266761,2017-11-01
0,1351535955,Featherbrook Community Centre,2019-05-31,45.7,,42.05,55.1,0.8,-37.8989584,144.7266761,2017-11-01
0,1351535955,Featherbrook Community Centre,2019-06-03,14.2,,13.07,55.1,0.30000000000000004,-37.8989584,144.7266761,2017-11-01
0,1351535955,Featherbrook Community Centre,2019-06-01,29.3,,26.99,55.1,0.5,-37.8989584,144.7266761,2017-11-01
0,1351535955,Featherbrook Community Centre,2019-06-02,52.2,,48.07,55.1,1,-37.8989584,144.7266761,2017-11-01
0,1351535955,Featherbrook Community Centre,2019-06-04,102.3,,94.12,55.1,1.9,-37.8989584,144.7266761,2017-11-01
0,1351535955,Featherbrook Community Centre,2019-06-05,50.6,,46.55,55.1,0.9,-37.8989584,144.7266761,2017-11-01
0,1351535955,Featherbrook Community Centre,2019-06-06,82.5,,75.9,55.1,1.5,-37.8989584,144.7266761,2017-11-01
0,1351535955,Featherbrook Community Centre,2019-06-07,132.7,,122.04,55.1,2.4,-37.8989584,144.7266761,2017-11-01
0,1351535955,Featherbrook Community Centre,2019-07-05,98.3,,90.4,55.1,1.8,-37.8989584,144.7266761,2017-11-01
0,1351535955,Featherbrook Community Centre,2019-07-06,108.6,,99.94,55.1,2,-37.8989584,144.7266761,2017-11-01
0,1351535955,Featherbrook Community Centre,2019-07-12,82.4,,75.83,55.1,1.5,-37.8989584,144.7266761,2017-11-01
0,1351535955,Featherbrook Community Centre,2019-07-07,36.6,,33.65,55.1,0.7000000000000001,-37.8989584,144.7266761,2017-11-01
0,1351535955,Featherbrook Community Centre,2019-07-08,92.6,,85.2,55.1,1.7000000000000002,-37.8989584,144.7266761,2017-11-01
0,1351535955,Featherbrook Community Centre,2019-07-09,67.5,,62.12,55.1,1.2,-37.8989584,144.7266761,2017-11-01
0,1351535955,Featherbrook Community Centre,2019-06-08,143.8,,132.31,55.1,2.6,-37.8989584,144.7266761,2017-11-01
0,1351535955,Featherbrook Community Centre,2019-06-09,100.3,,92.27,55.1,1.8,-37.8989584,144.7266761,2017-11-01
0,1351535955,Featherbrook Community Centre,2019-06-10,94.1,,86.56,55.1,1.7000000000000002,-37.8989584,144.7266761,2017-11-01
0,1351535955,Featherbrook Community Centre,2019-06-11,119.6,,110.04,55.1,2.2,-37.8989584,144.7266761,2017-11-01
0,1351535955,Featherbrook Community Centre,2019-06-16,68.4,,62.97,55.1,1.2,-37.8989584,144.7266761,2017-11-01
0,1351535955,Featherbrook Community Centre,2019-06-12,4.8,,4.4,55.1,0.1,-37.8989584,144.7266761,2017-11-01
0,1351535955,Featherbrook Community Centre,2019-06-13,115.8,,106.57,55.1,2.1,-37.8989584,144.7266761,2017-11-01
0,1351535955,Featherbrook Community Centre,2019-06-14,89.7,,82.57,55.1,1.6,-37.8989584,144.7266761,2017-11-01
0,1351535955,Featherbrook Community Centre,2019-06-15,51.4,,47.31,55.1,0.9,-37.8989584,144.7266761,2017-11-01
0,1351535955,Featherbrook Community Centre,2019-06-17,108,,99.32,55.1,2,-37.8989584,144.7266761,2017-11-01
0,1351535955,Featherbrook Community Centre,2019-06-18,53.9,,49.62,55.1,1,-37.8989584,144.7266761,2017-11-01
0,1351535955,Featherbrook Community Centre,2019-06-19,58.6,,53.9,55.1,1.1,-37.8989584,144.7266761,2017-11-01
0,1351535955,Featherbrook Community Centre,2019-07-02,59.6,,54.83,55.1,1.1,-37.8989584,144.7266761,2017-11-01
0,1351535955,Featherbrook Community Centre,2019-06-20,38.8,,35.73,55.1,0.7000000000000001,-37.8989584,144.7266761,2017-11-01
0,1351535955,Featherbrook Community Centre,2019-06-21,91.5,,84.21,55.1,1.7000000000000002,-37.8989584,144.7266761,2017-11-01
0,1351535955,Featherbrook Community Centre,2019-06-22,71.9,,66.12,55.1,1.3,-37.8989584,144.7266761,2017-11-01
0,1351535955,Featherbrook Community Centre,2019-06-26,115.3,,106.09,55.1,2.1,-37.8989584,144.7266761,2017-11-01
0,1351535955,Featherbrook Community Centre,2019-06-23,46.1,,42.37,55.1,0.8,-37.8989584,144.7266761,2017-11-01
0,1351535955,Featherbrook Community Centre,2019-06-24,109.5,,100.73,55.1,2,-37.8989584,144.7266761,2017-11-01
0,1351535955,Featherbrook Community Centre,2019-06-27,118.6,,109.14,55.1,2.2,-37.8989584,144.7266761,2017-11-01
0,1351535955,Featherbrook Community Centre,2019-06-25,100.9,,92.83,55.1,1.8,-37.8989584,144.7266761,2017-11-01
0,1351535955,Featherbrook Community Centre,2019-07-10,64.4,,59.24,55.1,1.2,-37.8989584,144.7266761,2017-11-01
0,1351535955,Featherbrook Community Centre,2019-07-11,48.7,,44.8,55.1,0.9,-37.8989584,144.7266761,2017-11-01
0,1351535955,Featherbrook Community Centre,2019-07-16,70.7,,65.07,55.1,1.3,-37.8989584,144.7266761,2017-11-01
0,1351535955,Featherbrook Community Centre,2019-07-14,30.3,,27.84,55.1,0.6000000000000001,-37.8989584,144.7266761,2017-11-01
0,1351535955,Featherbrook Community Centre,2019-07-15,72.6,,66.82,55.1,1.3,-37.8989584,144.7266761,2017-11-01
0,1351535955,Featherbrook Community Centre,2019-07-18,80.2,,73.78,55.1,1.5,-37.8989584,144.7266761,2017-11-01
0,1351535955,Featherbrook Community Centre,2019-07-17,50.1,,46.05,55.1,0.9,-37.8989584,144.7266761,2017-11-01
0,1351535955,Featherbrook Community Centre,2019-07-19,112.6,,103.62,55.1,2,-37.8989584,144.7266761,2017-11-01
0,1351535955,Featherbrook Community Centre,2019-07-20,133.8,,123.13,55.1,2.4,-37.8989584,144.7266761,2017-11-01
0,1351535955,Featherbrook Community Centre,2019-07-21,108.7,,100.03,55.1,2,-37.8989584,144.7266761,2017-11-01
0,1351535955,Featherbrook Community Centre,2019-07-22,133.2,,122.59,55.1,2.4,-37.8989584,144.7266761,2017-11-01
0,1351535955,Featherbrook Community Centre,2019-07-24,100.3,,92.25,55.1,1.8,-37.8989584,144.7266761,2017-11-01
0,1351535955,Featherbrook Community Centre,2019-11-22,33.5,,30.8,55.1,0.6000000000000001,-37.8989584,144.7266761,2017-11-01
0,1351535955,Featherbrook Community Centre,2019-11-26,26.6,,24.43,55.1,0.5,-37.8989584,144.7266761,2017-11-01
0,1351535955,Featherbrook Community Centre,2019-11-23,28.3,,26.06,55.1,0.5,-37.8989584,144.7266761,2017-11-01
0,1351535955,Featherbrook Community Centre,2019-11-25,17.6,,16.16,55.1,0.30000000000000004,-37.8989584,144.7266761,2017-11-01
0,1351535955,Featherbrook Community Centre,2019-11-24,36.8,,33.85,55.1,0.7000000000000001,-37.8989584,144.7266761,2017-11-01
0,1351535955,Featherbrook Community Centre,2019-11-27,36.2,,33.35,55.1,0.7000000000000001,-37.8989584,144.7266761,2017-11-01
0,1351535955,Featherbrook Community Centre,2019-11-28,32.8,,30.21,55.1,0.6000000000000001,-37.8989584,144.7266761,2017-11-01
0,1351535955,Featherbrook Community Centre,2019-11-29,26.4,,24.33,55.1,0.5,-37.8989584,144.7266761,2017-11-01
0,1351535955,Featherbrook Community Centre,2019-07-25,42.8,,39.39,55.1,0.8,-37.8989584,144.7266761,2017-11-01
0,1351535955,Featherbrook Community Centre,2019-07-30,95.5,,87.84,55.1,1.7000000000000002,-37.8989584,144.7266761,2017-11-01
0,1351535955,Featherbrook Community Centre,2019-07-26,31.3,,28.75,55.1,0.6000000000000001,-37.8989584,144.7266761,2017-11-01
0,1351535955,Featherbrook Community Centre,2019-07-27,74.9,,68.94,55.1,1.4,-37.8989584,144.7266761,2017-11-01
0,1351535955,Featherbrook Community Centre,2019-07-28,115.9,,106.63,55.1,2.1,-37.8989584,144.7266761,2017-11-01
0,1351535955,Featherbrook Community Centre,2019-07-29,75.9,,69.81,55.1,1.4,-37.8989584,144.7266761,2017-11-01
0,1351535955,Featherbrook Community Centre,2019-08-04,64.7,,59.56,55.1,1.2,-37.8989584,144.7266761,2017-11-01
0,1351535955,Featherbrook Community Centre,2019-07-31,142.3,,130.89,55.1,2.6,-37.8989584,144.7266761,2017-11-01
0,1351535955,Featherbrook Community Centre,2019-08-01,74.7,,68.71,55.1,1.4,-37.8989584,144.7266761,2017-11-01
0,1351535955,Featherbrook Community Centre,2019-08-07,56.5,,52.01,55.1,1,-37.8989584,144.7266761,2017-11-01
0,1351535955,Featherbrook Community Centre,2019-08-02,67.1,,61.77,55.1,1.2,-37.8989584,144.7266761,2017-11-01
0,1351535955,Featherbrook Community Centre,2019-08-03,47.7,,43.9,55.1,0.9,-37.8989584,144.7266761,2017-11-01
0,1351535955,Featherbrook Community Centre,2019-08-05,121.2,,111.46,55.1,2.2,-37.8989584,144.7266761,2017-11-01
0,1351535955,Featherbrook Community Centre,2019-08-06,28.4,,26.11,55.1,0.5,-37.8989584,144.7266761,2017-11-01
0,1351535955,Featherbrook Community Centre,2019-08-08,96.3,,88.6,55.1,1.8,-37.8989584,144.7266761,2017-11-01
0,1351535955,Featherbrook Community Centre,2019-08-09,48.6,,44.69,55.1,0.9,-37.8989584,144.7266761,2017-11-01
0,1351535955,Featherbrook Community Centre,2019-08-11,118.1,,108.63,55.1,2.1,-37.8989584,144.7266761,2017-11-01
0,1351535955,Featherbrook Community Centre,2019-08-10,73.7,,67.81,55.1,1.3,-37.8989584,144.7266761,2017-11-01
0,1351535955,Featherbrook Community Centre,2019-08-12,98.3,,90.45,55.1,1.8,-37.8989584,144.7266761,2017-11-01
0,1351535955,Featherbrook Community Centre,2019-08-13,68.3,,62.87,55.1,1.2,-37.8989584,144.7266761,2017-11-01
0,1351535955,Featherbrook Community Centre,2019-08-15,82.7,,76.11,55.1,1.5,-37.8989584,144.7266761,2017-11-01
0,1351535955,Featherbrook Community Centre,2019-08-14,53.6,,49.34,55.1,1,-37.8989584,144.7266761,2017-11-01
0,1351535955,Featherbrook Community Centre,2019-08-17,167.5,,154.08,55.1,3,-37.8989584,144.7266761,2017-11-01
0,1351535955,Featherbrook Community Centre,2019-08-23,178.7,,164.36,55.1,3.2,-37.8989584,144.7266761,2017-11-01
0,1351535955,Featherbrook Community Centre,2019-08-22,125.3,,115.25,55.1,2.3,-37.8989584,144.7266761,2017-11-01
0,1351535955,Featherbrook Community Centre,2019-08-24,137.8,,126.8,55.1,2.5,-37.8989584,144.7266761,2017-11-01
0,1351535955,Featherbrook Community Centre,2019-08-25,129.5,,119.16,55.1,2.4,-37.8989584,144.7266761,2017-11-01
0,1351535955,Featherbrook Community Centre,2019-08-26,121.5,,111.78,55.1,2.2,-37.8989584,144.7266761,2017-11-01
0,1351535955,Featherbrook Community Centre,2019-08-27,128.5,,118.24,55.1,2.3,-37.8989584,144.7266761,2017-11-01
0,1351535955,Featherbrook Community Centre,2019-08-28,34,,31.32,55.1,0.6000000000000001,-37.8989584,144.7266761,2017-11-01
0,1351535955,Featherbrook Community Centre,2019-08-29,175.3,,161.24,55.1,3.2,-37.8989584,144.7266761,2017-11-01
0,1351535955,Featherbrook Community Centre,2019-08-30,189.1,,173.96,55.1,3.4,-37.8989584,144.7266761,2017-11-01
0,1351535955,Featherbrook Community Centre,2019-08-31,190.2,,175.02,55.1,3.5,-37.8989584,144.7266761,2017-11-01
0,1351535955,Featherbrook Community Centre,2019-09-01,90.8,,83.57,55.1,1.7000000000000002,-37.8989584,144.7266761,2017-11-01
0,1351535955,Featherbrook Community Centre,2019-09-02,147.1,,135.31,55.1,2.7,-37.8989584,144.7266761,2017-11-01
0,1351535955,Featherbrook Community Centre,2019-09-03,189.7,,174.54,55.1,3.4,-37.8989584,144.7266761,2017-11-01
0,1351535955,Featherbrook Community Centre,2019-09-04,162.1,,149.16,55.1,2.9,-37.8989584,144.7266761,2017-11-01
0,1351535955,Featherbrook Community Centre,2019-09-05,168.3,,154.8,55.1,3.1,-37.8989584,144.7266761,2017-11-01
0,1351535955,Featherbrook Community Centre,2019-09-09,152,,139.83,55.1,2.8,-37.8989584,144.7266761,2017-11-01
0,1351535955,Featherbrook Community Centre,2019-09-06,128.3,,118.03,55.1,2.3,-37.8989584,144.7266761,2017-11-01
0,1351535955,Featherbrook Community Centre,2019-09-07,138.3,,127.26,55.1,2.5,-37.8989584,144.7266761,2017-11-01
0,1351535955,Featherbrook Community Centre,2019-09-08,73.4,,67.49,55.1,1.3,-37.8989584,144.7266761,2017-11-01
0,1351535955,Featherbrook Community Centre,2019-09-10,131.1,,120.59,55.1,2.4,-37.8989584,144.7266761,2017-11-01
0,1351535955,Featherbrook Community Centre,2019-09-11,195.1,,179.49,55.1,3.5,-37.8989584,144.7266761,2017-11-01
0,1351535955,Featherbrook Community Centre,2019-09-18,212.7,,195.68,55.1,3.9,-37.8989584,144.7266761,2017-11-01
0,1351535955,Featherbrook Community Centre,2019-09-19,197.6,,181.75,55.1,3.6,-37.8989584,144.7266761,2017-11-01
0,1351535955,Featherbrook Community Centre,2019-09-20,102,,93.8,55.1,1.9,-37.8989584,144.7266761,2017-11-01
0,1351535955,Featherbrook Community Centre,2019-09-24,117.1,,107.73,55.1,2.1,-37.8989584,144.7266761,2017-11-01
0,1351535955,Featherbrook Community Centre,2019-09-21,107.6,,99.02,55.1,2,-37.8989584,144.7266761,2017-11-01
0,1351535955,Featherbrook Community Centre,2019-09-22,150,,137.99,55.1,2.7,-37.8989584,144.7266761,2017-11-01
0,1351535955,Featherbrook Community Centre,2019-09-23,124.1,,114.2,55.1,2.3,-37.8989584,144.7266761,2017-11-01
0,1351535955,Featherbrook Community Centre,2019-09-25,102.8,,94.57,55.1,1.9,-37.8989584,144.7266761,2017-11-01
0,1351535955,Featherbrook Community Centre,2019-12-30,20,,18.41,55.1,0.4,-37.8989584,144.7266761,2017-11-01
0,1351535955,Featherbrook Community Centre,2020-01-02,35.9,,33.04,55.1,0.7000000000000001,-37.8989584,144.7266761,2017-11-01
0,1351535955,Featherbrook Community Centre,2020-01-03,33.8,,31.12,55.1,0.6000000000000001,-37.8989584,144.7266761,2017-11-01
0,1351535955,Featherbrook Community Centre,2020-01-04,24.4,,22.47,55.1,0.4,-37.8989584,144.7266761,2017-11-01
0,1351535955,Featherbrook Community Centre,2019-11-30,25.3,,23.31,55.1,0.5,-37.8989584,144.7266761,2017-11-01
0,1351535955,Featherbrook Community Centre,2019-12-01,13.2,,12.11,55.1,0.2,-37.8989584,144.7266761,2017-11-01
0,1351535955,Featherbrook Community Centre,2019-12-02,25.1,,23.07,55.1,0.5,-37.8989584,144.7266761,2017-11-01
0,1351535955,Featherbrook Community Centre,2019-12-03,25.1,,23.06,55.1,0.5,-37.8989584,144.7266761,2017-11-01
0,1351535955,Featherbrook Community Centre,2019-12-04,93.3,,85.85,55.1,1.7000000000000002,-37.8989584,144.7266761,2017-11-01
0,1351535955,Featherbrook Community Centre,2019-12-05,110,,101.16,55.1,2,-37.8989584,144.7266761,2017-11-01
0,1351535955,Featherbrook Community Centre,2019-12-06,21.8,,20.1,55.1,0.4,-37.8989584,144.7266761,2017-11-01
0,1351535955,Featherbrook Community Centre,2019-12-07,35.3,,32.51,55.1,0.6000000000000001,-37.8989584,144.7266761,2017-11-01
0,1351535955,Featherbrook Community Centre,2019-12-09,27.5,,25.31,55.1,0.5,-37.8989584,144.7266761,2017-11-01
0,1351535955,Featherbrook Community Centre,2019-12-08,34.2,,31.46,55.1,0.6000000000000001,-37.8989584,144.7266761,2017-11-01
0,1351535955,Featherbrook Community Centre,2019-12-10,29.5,,27.17,55.1,0.5,-37.8989584,144.7266761,2017-11-01
0,1351535955,Featherbrook Community Centre,2019-12-11,18.1,,16.7,55.1,0.30000000000000004,-37.8989584,144.7266761,2017-11-01
0,1351535955,Featherbrook Community Centre,2019-12-15,19.4,,17.82,55.1,0.4,-37.8989584,144.7266761,2017-11-01
0,1351535955,Featherbrook Community Centre,2019-12-22,36.1,,33.22,55.1,0.7000000000000001,-37.8989584,144.7266761,2017-11-01
0,1351535955,Featherbrook Community Centre,2019-12-12,20.7,,19.05,55.1,0.4,-37.8989584,144.7266761,2017-11-01
0,1351535955,Featherbrook Community Centre,2019-12-13,21.9,,20.13,55.1,0.4,-37.8989584,144.7266761,2017-11-01
0,1351535955,Featherbrook Community Centre,2019-12-14,10.6,,9.78,55.1,0.2,-37.8989584,144.7266761,2017-11-01
0,1351535955,Featherbrook Community Centre,2019-12-16,29.5,,27.11,55.1,0.5,-37.8989584,144.7266761,2017-11-01
0,1351535955,Featherbrook Community Centre,2019-12-17,30,,27.62,55.1,0.5,-37.8989584,144.7266761,2017-11-01
0,1351535955,Featherbrook Community Centre,2019-12-18,30.9,,28.39,55.1,0.6000000000000001,-37.8989584,144.7266761,2017-11-01
0,1351535955,Featherbrook Community Centre,2019-12-19,33.6,,30.94,55.1,0.6000000000000001,-37.8989584,144.7266761,2017-11-01
0,1351535955,Featherbrook Community Centre,2019-12-20,32.3,,29.7,55.1,0.6000000000000001,-37.8989584,144.7266761,2017-11-01
0,1351535955,Featherbrook Community Centre,2019-12-21,29.7,,27.35,55.1,0.5,-37.8989584,144.7266761,2017-11-01
0,1351535955,Featherbrook Community Centre,2019-12-24,34.9,,32.08,55.1,0.6000000000000001,-37.8989584,144.7266761,2017-11-01
0,1351535955,Featherbrook Community Centre,2019-12-23,30.1,,27.74,55.1,0.6000000000000001,-37.8989584,144.7266761,2017-11-01
0,1351535955,Featherbrook Community Centre,2020-01-06,1.6,,1.43,55.1,0,-37.8989584,144.7266761,2017-11-01
0,1351535955,Featherbrook Community Centre,2019-12-25,33.6,,30.91,55.1,0.6000000000000001,-37.8989584,144.7266761,2017-11-01
0,1351535955,Featherbrook Community Centre,2019-12-26,30.5,,28.02,55.1,0.6000000000000001,-37.8989584,144.7266761,2017-11-01
0,1351535955,Featherbrook Community Centre,2019-12-29,33.5,,30.84,55.1,0.6000000000000001,-37.8989584,144.7266761,2017-11-01
0,1351535955,Featherbrook Community Centre,2019-12-27,34.4,,31.61,55.1,0.6000000000000001,-37.8989584,144.7266761,2017-11-01
0,1351535955,Featherbrook Community Centre,2019-12-28,25.3,,23.28,55.1,0.5,-37.8989584,144.7266761,2017-11-01
0,1351535955,Featherbrook Community Centre,2019-12-31,34.5,,31.77,55.1,0.6000000000000001,-37.8989584,144.7266761,2017-11-01
0,1351535955,Featherbrook Community Centre,2020-01-01,36.4,,33.51,55.1,0.7000000000000001,-37.8989584,144.7266761,2017-11-01
0,1351535955,Featherbrook Community Centre,2020-01-05,7.1,,6.52,55.1,0.1,-37.8989584,144.7266761,2017-11-01
0,1351535955,Featherbrook Community Centre,2020-01-07,10.3,,9.52,55.1,0.2,-37.8989584,144.7266761,2017-11-01
0,1351535955,Featherbrook Community Centre,2020-01-08,31.6,,29.03,55.1,0.6000000000000001,-37.8989584,144.7266761,2017-11-01
0,1351535955,Featherbrook Community Centre,2020-01-09,31.3,,28.8,55.1,0.6000000000000001,-37.8989584,144.7266761,2017-11-01
0,1351535955,Featherbrook Community Centre,2020-01-10,9.6,,8.81,55.1,0.2,-37.8989584,144.7266761,2017-11-01
0,1351535955,Featherbrook Community Centre,2020-01-11,20.2,,18.6,55.1,0.4,-37.8989584,144.7266761,2017-11-01
0,1351535955,Featherbrook Community Centre,2020-01-12,29.7,,27.33,55.1,0.5,-37.8989584,144.7266761,2017-11-01
0,1351535955,Featherbrook Community Centre,2020-01-13,28.1,,25.86,55.1,0.5,-37.8989584,144.7266761,2017-11-01
0,1351535955,Featherbrook Community Centre,2020-01-16,18,,16.54,55.1,0.30000000000000004,-37.8989584,144.7266761,2017-11-01
0,1351535955,Featherbrook Community Centre,2020-01-14,30.1,,27.69,55.1,0.6000000000000001,-37.8989584,144.7266761,2017-11-01
0,1351535955,Featherbrook Community Centre,2020-01-15,19.6,,18.05,55.1,0.4,-37.8989584,144.7266761,2017-11-01
0,1351535955,Featherbrook Community Centre,2020-01-17,19,,17.51,55.1,0.4,-37.8989584,144.7266761,2017-11-01
0,1351535955,Featherbrook Community Centre,2020-01-20,9.6,,8.85,55.1,0.2,-37.8989584,144.7266761,2017-11-01
0,1351535955,Featherbrook Community Centre,2020-02-05,26.2,,24.08,55.1,0.5,-37.8989584,144.7266761,2017-11-01
0,1351535955,Featherbrook Community Centre,2020-01-18,31.7,,29.18,55.1,0.6000000000000001,-37.8989584,144.7266761,2017-11-01
0,1351535955,Featherbrook Community Centre,2020-01-19,31.8,,29.22,55.1,0.6000000000000001,-37.8989584,144.7266761,2017-11-01
0,1351535955,Featherbrook Community Centre,2020-01-21,34.9,,32.11,55.1,0.6000000000000001,-37.8989584,144.7266761,2017-11-01
0,1351535955,Featherbrook Community Centre,2020-01-22,16.2,,14.92,55.1,0.30000000000000004,-37.8989584,144.7266761,2017-11-01
0,1351535955,Featherbrook Community Centre,2020-01-23,21.9,,20.11,55.1,0.4,-37.8989584,144.7266761,2017-11-01
0,1351535955,Featherbrook Community Centre,2020-01-25,35.7,,32.83,55.1,0.7000000000000001,-37.8989584,144.7266761,2017-11-01
0,1351535955,Featherbrook Community Centre,2020-02-17,34.6,,31.79,55.1,0.6000000000000001,-37.8989584,144.7266761,2017-11-01
0,1351535955,Featherbrook Community Centre,2020-02-07,15.8,,14.52,55.1,0.30000000000000004,-37.8989584,144.7266761,2017-11-01
0,1351535955,Featherbrook Community Centre,2020-02-06,28.3,,26.01,55.1,0.5,-37.8989584,144.7266761,2017-11-01
0,1351535955,Featherbrook Community Centre,2020-02-08,33.3,,30.66,55.1,0.6000000000000001,-37.8989584,144.7266761,2017-11-01
0,1351535955,Featherbrook Community Centre,2020-02-09,27.7,,25.52,55.1,0.5,-37.8989584,144.7266761,2017-11-01
0,1351535955,Featherbrook Community Centre,2020-02-10,17,,15.65,55.1,0.30000000000000004,-37.8989584,144.7266761,2017-11-01
0,1351535955,Featherbrook Community Centre,2020-02-19,18.2,,16.71,55.1,0.30000000000000004,-37.8989584,144.7266761,2017-11-01
0,1351535955,Featherbrook Community Centre,2020-02-11,18.1,,16.68,55.1,0.30000000000000004,-37.8989584,144.7266761,2017-11-01
0,1351535955,Featherbrook Community Centre,2020-02-12,20.9,,19.23,55.1,0.4,-37.8989584,144.7266761,2017-11-01
0,1351535955,Featherbrook Community Centre,2020-02-13,34.4,,31.66,55.1,0.6000000000000001,-37.8989584,144.7266761,2017-11-01
0,1351535955,Featherbrook Community Centre,2020-02-14,11.6,,10.7,55.1,0.2,-37.8989584,144.7266761,2017-11-01
0,1351535955,Featherbrook Community Centre,2020-02-15,4.3,,3.93,55.1,0.1,-37.8989584,144.7266761,2017-11-01
0,1351535955,Featherbrook Community Centre,2020-02-16,33,,30.37,55.1,0.6000000000000001,-37.8989584,144.7266761,2017-11-01
0,1351535955,Featherbrook Community Centre,2020-02-20,15.1,,13.92,55.1,0.30000000000000004,-37.8989584,144.7266761,2017-11-01
0,1351535955,Featherbrook Community Centre,2020-02-18,9.7,,8.9,55.1,0.2,-37.8989584,144.7266761,2017-11-01
0,1351535955,Featherbrook Community Centre,2020-02-21,24.1,,22.18,55.1,0.4,-37.8989584,144.7266761,2017-11-01
0,1351535955,Featherbrook Community Centre,2020-02-22,36.4,,33.53,55.1,0.7000000000000001,-37.8989584,144.7266761,2017-11-01
0,1351535955,Featherbrook Community Centre,2020-02-23,31.2,,28.7,55.1,0.6000000000000001,-37.8989584,144.7266761,2017-11-01
0,1351535955,Featherbrook Community Centre,2020-02-24,10.6,,9.72,55.1,0.2,-37.8989584,144.7266761,2017-11-01
0,1351535955,Featherbrook Community Centre,2020-02-25,18.7,,17.23,55.1,0.30000000000000004,-37.8989584,144.7266761,2017-11-01
0,1351535955,Featherbrook Community Centre,2020-02-26,25.6,,23.55,55.1,0.5,-37.8989584,144.7266761,2017-11-01
0,1351535955,Featherbrook Community Centre,2020-02-27,13.9,,12.76,55.1,0.30000000000000004,-37.8989584,144.7266761,2017-11-01
0,1351535955,Featherbrook Community Centre,2020-03-02,23,,21.14,55.1,0.4,-37.8989584,144.7266761,2017-11-01
0,1351535955,Featherbrook Community Centre,2020-02-28,18,,16.53,55.1,0.30000000000000004,-37.8989584,144.7266761,2017-11-01
0,1351535955,Featherbrook Community Centre,2020-02-29,31,,28.51,55.1,0.6000000000000001,-37.8989584,144.7266761,2017-11-01
0,1351535955,Featherbrook Community Centre,2020-03-01,28,,25.77,55.1,0.5,-37.8989584,144.7266761,2017-11-01
0,1351535955,Featherbrook Community Centre,2020-03-05,5.1,,4.71,55.1,0.1,-37.8989584,144.7266761,2017-11-01
0,1351535955,Featherbrook Community Centre,2020-03-03,20.1,,18.47,55.1,0.4,-37.8989584,144.7266761,2017-11-01
0,1351535955,Featherbrook Community Centre,2020-03-04,9.5,,8.74,55.1,0.2,-37.8989584,144.7266761,2017-11-01
0,1351535955,Featherbrook Community Centre,2020-03-06,23.7,,21.81,55.1,0.4,-37.8989584,144.7266761,2017-11-01
0,1351535955,Featherbrook Community Centre,2020-03-07,14.3,,13.13,55.1,0.30000000000000004,-37.8989584,144.7266761,2017-11-01
0,1351535955,Featherbrook Community Centre,2020-03-08,32.6,,29.98,55.1,0.6000000000000001,-37.8989584,144.7266761,2017-11-01
0,1351535955,Featherbrook Community Centre,2020-03-09,34.2,,31.51,55.1,0.6000000000000001,-37.8989584,144.7266761,2017-11-01
0,1351535955,Featherbrook Community Centre,2020-03-20,18.8,,17.3,55.1,0.30000000000000004,-37.8989584,144.7266761,2017-11-01
0,1351535955,Featherbrook Community Centre,2020-03-10,30.6,,28.19,55.1,0.6000000000000001,-37.8989584,144.7266761,2017-11-01
0,1351535955,Featherbrook Community Centre,2020-03-11,29.3,,26.95,55.1,0.5,-37.8989584,144.7266761,2017-11-01
0,1351535955,Featherbrook Community Centre,2020-03-12,30.1,,27.69,55.1,0.6000000000000001,-37.8989584,144.7266761,2017-11-01
0,1351535955,Featherbrook Community Centre,2020-03-13,9,,8.29,55.1,0.2,-37.8989584,144.7266761,2017-11-01
0,1351535955,Featherbrook Community Centre,2020-03-14,19.7,,18.11,55.1,0.4,-37.8989584,144.7266761,2017-11-01
0,1351535955,Featherbrook Community Centre,2020-03-15,25.7,,23.65,55.1,0.5,-37.8989584,144.7266761,2017-11-01
0,1351535955,Featherbrook Community Centre,2020-03-18,12,,11.05,55.1,0.2,-37.8989584,144.7266761,2017-11-01
0,1351535955,Featherbrook Community Centre,2020-03-16,34,,31.25,55.1,0.6000000000000001,-37.8989584,144.7266761,2017-11-01
0,1351535955,Featherbrook Community Centre,2020-03-17,31.8,,29.21,55.1,0.6000000000000001,-37.8989584,144.7266761,2017-11-01
0,1351535955,Featherbrook Community Centre,2020-03-19,10,,9.16,55.1,0.2,-37.8989584,144.7266761,2017-11-01
0,1351535955,Featherbrook Community Centre,2020-03-21,14.9,,13.69,55.1,0.30000000000000004,-37.8989584,144.7266761,2017-11-01
0,1351535955,Featherbrook Community Centre,2020-03-22,20.5,,18.87,55.1,0.4,-37.8989584,144.7266761,2017-11-01
0,1351535955,Featherbrook Community Centre,2020-03-24,23.8,,21.86,55.1,0.4,-37.8989584,144.7266761,2017-11-01
0,1351535955,Featherbrook Community Centre,2020-03-23,11.9,,10.96,55.1,0.2,-37.8989584,144.7266761,2017-11-01
0,1351535955,Featherbrook Community Centre,2020-03-25,7.9,,7.25,55.1,0.1,-37.8989584,144.7266761,2017-11-01
0,1351535955,Featherbrook Community Centre,2020-03-26,27.3,,25.15,55.1,0.5,-37.8989584,144.7266761,2017-11-01
0,1351535955,Featherbrook Community Centre,2020-03-30,22.9,,21.07,55.1,0.4,-37.8989584,144.7266761,2017-11-01
0,1351535955,Featherbrook Community Centre,2020-03-27,23.9,,21.97,55.1,0.4,-37.8989584,144.7266761,2017-11-01
0,1351535955,Featherbrook Community Centre,2020-03-28,27.9,,25.71,55.1,0.5,-37.8989584,144.7266761,2017-11-01
0,1351535955,Featherbrook Community Centre,2020-03-29,11.1,,10.2,55.1,0.2,-37.8989584,144.7266761,2017-11-01
0,1351535955,Featherbrook Community Centre,2020-04-03,23.2,,21.32,55.1,0.4,-37.8989584,144.7266761,2017-11-01
0,1351535955,Featherbrook Community Centre,2020-03-31,25.8,,23.72,55.1,0.5,-37.8989584,144.7266761,2017-11-01
0,1351535955,Featherbrook Community Centre,2020-04-01,26.4,,24.26,55.1,0.5,-37.8989584,144.7266761,2017-11-01
0,1351535955,Featherbrook Community Centre,2020-04-05,8.1,,7.49,55.1,0.2,-37.8989584,144.7266761,2017-11-01
0,1351535955,Featherbrook Community Centre,2020-04-02,4.3,,3.98,55.1,0.1,-37.8989584,144.7266761,2017-11-01
0,1351535955,Featherbrook Community Centre,2020-04-04,13.5,,12.44,55.1,0.30000000000000004,-37.8989584,144.7266761,2017-11-01
0,1351535955,Featherbrook Community Centre,2020-04-13,27.7,,25.52,55.1,0.5,-37.8989584,144.7266761,2017-11-01
0,1351535955,Featherbrook Community Centre,2020-04-06,14.7,,13.56,55.1,0.30000000000000004,-37.8989584,144.7266761,2017-11-01
0,1351535955,Featherbrook Community Centre,2020-04-09,31.1,,28.57,55.1,0.6000000000000001,-37.8989584,144.7266761,2017-11-01
0,1351535955,Featherbrook Community Centre,2020-04-07,8.9,,8.17,55.1,0.2,-37.8989584,144.7266761,2017-11-01
0,1351535955,Featherbrook Community Centre,2020-04-08,21.6,,19.86,55.1,0.4,-37.8989584,144.7266761,2017-11-01
0,1351535955,Featherbrook Community Centre,2020-04-10,15.3,,14.11,55.1,0.30000000000000004,-37.8989584,144.7266761,2017-11-01
0,1351535955,Featherbrook Community Centre,2020-04-11,25.3,,23.25,55.1,0.5,-37.8989584,144.7266761,2017-11-01
0,1351535955,Featherbrook Community Centre,2020-04-12,7.9,,7.28,55.1,0.1,-37.8989584,144.7266761,2017-11-01
0,1351535955,Featherbrook Community Centre,2020-04-14,15.2,,14.03,55.1,0.30000000000000004,-37.8989584,144.7266761,2017-11-01
0,1351535955,Featherbrook Community Centre,2020-04-16,15.7,,14.46,55.1,0.30000000000000004,-37.8989584,144.7266761,2017-11-01
0,1351535955,Featherbrook Community Centre,2020-04-15,18.5,,17.05,55.1,0.30000000000000004,-37.8989584,144.7266761,2017-11-01
0,1351535955,Featherbrook Community Centre,2020-04-25,18.3,,16.8,55.1,0.30000000000000004,-37.8989584,144.7266761,2017-11-01
0,1351535955,Featherbrook Community Centre,2020-05-14,15.5,,14.24,55.1,0.30000000000000004,-37.8989584,144.7266761,2017-11-01
0,1351535955,Featherbrook Community Centre,2020-04-17,16.6,,15.29,55.1,0.30000000000000004,-37.8989584,144.7266761,2017-11-01
0,1351535955,Featherbrook Community Centre,2020-04-18,11.1,,10.23,55.1,0.2,-37.8989584,144.7266761,2017-11-01
0,1351535955,Featherbrook Community Centre,2020-04-19,23.3,,21.4,55.1,0.4,-37.8989584,144.7266761,2017-11-01
0,1351535955,Featherbrook Community Centre,2020-04-20,17.2,,15.82,55.1,0.30000000000000004,-37.8989584,144.7266761,2017-11-01
0,1351535955,Featherbrook Community Centre,2020-04-21,21.8,,20.02,55.1,0.4,-37.8989584,144.7266761,2017-11-01
0,1351535955,Featherbrook Community Centre,2020-04-22,14.5,,13.36,55.1,0.30000000000000004,-37.8989584,144.7266761,2017-11-01
0,1351535955,Featherbrook Community Centre,2020-04-23,14.1,,13.0,55.1,0.30000000000000004,-37.8989584,144.7266761,2017-11-01
0,1351535955,Featherbrook Community Centre,2020-04-24,27.3,,25.11,55.1,0.5,-37.8989584,144.7266761,2017-11-01
0,1351535955,Featherbrook Community Centre,2020-04-26,14.3,,13.18,55.1,0.30000000000000004,-37.8989584,144.7266761,2017-11-01
0,1351535955,Featherbrook Community Centre,2020-05-12,11.3,,10.39,55.1,0.2,-37.8989584,144.7266761,2017-11-01
0,1351535955,Featherbrook Community Centre,2020-05-04,0.1,,0.06,55.1,0,-37.8989584,144.7266761,2017-11-01
0,1351535955,Featherbrook Community Centre,2020-05-11,0.9,,0.8,55.1,0,-37.8989584,144.7266761,2017-11-01
0,1351535955,Featherbrook Community Centre,2020-05-18,24.9,,22.94,55.1,0.5,-37.8989584,144.7266761,2017-11-01
0,1351535955,Featherbrook Community Centre,2020-05-13,19.7,,18.08,55.1,0.4,-37.8989584,144.7266761,2017-11-01
0,1351535955,Featherbrook Community Centre,2020-05-15,25.4,,23.41,55.1,0.5,-37.8989584,144.7266761,2017-11-01
0,1351535955,Featherbrook Community Centre,2020-05-16,26.2,,24.12,55.1,0.5,-37.8989584,144.7266761,2017-11-01
0,1351535955,Featherbrook Community Centre,2020-05-17,25.6,,23.53,55.1,0.5,-37.8989584,144.7266761,2017-11-01
0,1351535955,Featherbrook Community Centre,2020-05-19,5.2,,4.77,55.1,0.1,-37.8989584,144.7266761,2017-11-01
0,1351535955,Featherbrook Community Centre,2020-05-20,20.5,,18.83,55.1,0.4,-37.8989584,144.7266761,2017-11-01
0,1351535955,Featherbrook Community Centre,2020-05-24,14.6,,13.46,55.1,0.30000000000000004,-37.8989584,144.7266761,2017-11-01
0,1351535955,Featherbrook Community Centre,2020-05-21,13.4,,12.36,55.1,0.2,-37.8989584,144.7266761,2017-11-01
0,1351535955,Featherbrook Community Centre,2020-05-25,25,,22.97,55.1,0.5,-37.8989584,144.7266761,2017-11-01
0,1351535955,Featherbrook Community Centre,2020-05-22,10.3,,9.47,55.1,0.2,-37.8989584,144.7266761,2017-11-01
0,1351535955,Featherbrook Community Centre,2020-05-23,6.9,,6.38,55.1,0.1,-37.8989584,144.7266761,2017-11-01
0,1351535955,Featherbrook Community Centre,2020-05-27,10.6,,9.72,55.1,0.2,-37.8989584,144.7266761,2017-11-01
0,1351535955,Featherbrook Community Centre,2020-05-26,18.6,,17.1,55.1,0.30000000000000004,-37.8989584,144.7266761,2017-11-01
0,1351535955,Featherbrook Community Centre,2020-05-29,21.5,,19.81,55.1,0.4,-37.8989584,144.7266761,2017-11-01
0,1351535955,Featherbrook Community Centre,2020-05-30,22.3,,20.48,55.1,0.4,-37.8989584,144.7266761,2017-11-01
0,1351535955,Featherbrook Community Centre,2020-05-28,12.5,,11.51,55.1,0.2,-37.8989584,144.7266761,2017-11-01
0,1351535955,Featherbrook Community Centre,2020-06-01,3.7,,3.42,55.1,0.1,-37.8989584,144.7266761,2017-11-01
0,1351535955,Featherbrook Community Centre,2020-06-02,7.9,,7.26,55.1,0.1,-37.8989584,144.7266761,2017-11-01
0,1351535955,Featherbrook Community Centre,2020-05-31,16.7,,15.37,55.1,0.30000000000000004,-37.8989584,144.7266761,2017-11-01
0,1351535955,Featherbrook Community Centre,2020-06-03,10.2,,9.35,55.1,0.2,-37.8989584,144.7266761,2017-11-01
0,1351535955,Featherbrook Community Centre,2020-06-09,23,,21.19,55.1,0.4,-37.8989584,144.7266761,2017-11-01
0,1351535955,Featherbrook Community Centre,2020-06-04,18.9,,17.42,55.1,0.30000000000000004,-37.8989584,144.7266761,2017-11-01
0,1351535955,Featherbrook Community Centre,2020-06-05,23.5,,21.6,55.1,0.4,-37.8989584,144.7266761,2017-11-01
0,1351535955,Featherbrook Community Centre,2020-06-06,8.7,,8.03,55.1,0.2,-37.8989584,144.7266761,2017-11-01
0,1351535955,Featherbrook Community Centre,2020-06-07,10,,9.22,55.1,0.2,-37.8989584,144.7266761,2017-11-01
0,1351535955,Featherbrook Community Centre,2020-06-08,13.4,,12.36,55.1,0.2,-37.8989584,144.7266761,2017-11-01
0,1351535955,Featherbrook Community Centre,2020-06-15,15.2,,13.99,55.1,0.30000000000000004,-37.8989584,144.7266761,2017-11-01
0,1351535955,Featherbrook Community Centre,2020-06-10,22.9,,21.09,55.1,0.4,-37.8989584,144.7266761,2017-11-01
0,1351535955,Featherbrook Community Centre,2020-06-12,22.8,,21.01,55.1,0.4,-37.8989584,144.7266761,2017-11-01
0,1351535955,Featherbrook Community Centre,2020-06-11,20.1,,18.51,55.1,0.4,-37.8989584,144.7266761,2017-11-01
0,1351535955,Featherbrook Community Centre,2020-06-13,1.1,,1.01,55.1,0,-37.8989584,144.7266761,2017-11-01
0,1351535955,Featherbrook Community Centre,2020-06-14,14.8,,13.62,55.1,0.30000000000000004,-37.8989584,144.7266761,2017-11-01
0,1351535955,Featherbrook Community Centre,2020-06-16,9.5,,8.74,55.1,0.2,-37.8989584,144.7266761,2017-11-01
0,1351535955,Featherbrook Community Centre,2020-06-17,10.3,,9.47,55.1,0.2,-37.8989584,144.7266761,2017-11-01
0,1351535955,Featherbrook Community Centre,2020-06-22,7.2,,6.58,55.1,0.1,-37.8989584,144.7266761,2017-11-01
0,1351535955,Featherbrook Community Centre,2020-06-18,22.7,,20.87,55.1,0.4,-37.8989584,144.7266761,2017-11-01
0,1351535955,Featherbrook Community Centre,2020-06-25,10.6,,9.78,55.1,0.2,-37.8989584,144.7266761,2017-11-01
0,1351535955,Featherbrook Community Centre,2020-06-19,18.5,,17.05,55.1,0.30000000000000004,-37.8989584,144.7266761,2017-11-01
0,1351535955,Featherbrook Community Centre,2020-06-20,22.1,,20.32,55.1,0.4,-37.8989584,144.7266761,2017-11-01
0,1351535955,Featherbrook Community Centre,2020-06-23,22,,20.24,55.1,0.4,-37.8989584,144.7266761,2017-11-01
0,1351535955,Featherbrook Community Centre,2020-06-21,4.3,,3.99,55.1,0.1,-37.8989584,144.7266761,2017-11-01
0,1351535955,Featherbrook Community Centre,2020-06-24,14.7,,13.51,55.1,0.30000000000000004,-37.8989584,144.7266761,2017-11-01
0,1351535955,Featherbrook Community Centre,2020-06-28,23.4,,21.54,55.1,0.4,-37.8989584,144.7266761,2017-11-01
0,1351535955,Featherbrook Community Centre,2020-06-27,18.2,,16.73,55.1,0.30000000000000004,-37.8989584,144.7266761,2017-11-01
0,1351535955,Featherbrook Community Centre,2020-06-29,23,,21.13,55.1,0.4,-37.8989584,144.7266761,2017-11-01
0,1351535955,Featherbrook Community Centre,2020-06-26,20.3,,18.64,55.1,0.4,-37.8989584,144.7266761,2017-11-01
0,1351535955,Featherbrook Community Centre,2020-06-30,12.1,,11.17,55.1,0.2,-37.8989584,144.7266761,2017-11-01
0,1351535955,Featherbrook Community Centre,2020-07-01,19.5,,17.94,55.1,0.4,-37.8989584,144.7266761,2017-11-01
0,1351535955,Featherbrook Community Centre,2020-07-02,14.7,,13.53,55.1,0.30000000000000004,-37.8989584,144.7266761,2017-11-01
0,1351535955,Featherbrook Community Centre,2020-07-03,1.9,,1.77,55.1,0,-37.8989584,144.7266761,2017-11-01
0,1351535955,Featherbrook Community Centre,2020-07-04,7.3,,6.74,55.1,0.1,-37.8989584,144.7266761,2017-11-01
0,1351535955,Featherbrook Community Centre,2020-07-05,8.9,,8.15,55.1,0.2,-37.8989584,144.7266761,2017-11-01
0,1351535955,Featherbrook Community Centre,2020-07-06,7.2,,6.66,55.1,0.1,-37.8989584,144.7266761,2017-11-01
0,1351535955,Featherbrook Community Centre,2020-07-07,8.5,,7.86,55.1,0.2,-37.8989584,144.7266761,2017-11-01
0,1351535955,Featherbrook Community Centre,2020-07-08,19.6,,18.01,55.1,0.4,-37.8989584,144.7266761,2017-11-01
0,1351535955,Featherbrook Community Centre,2020-07-13,20,,18.4,55.1,0.4,-37.8989584,144.7266761,2017-11-01
0,1351535955,Featherbrook Community Centre,2020-07-09,17.8,,16.39,55.1,0.30000000000000004,-37.8989584,144.7266761,2017-11-01
0,1351535955,Featherbrook Community Centre,2020-07-10,12.4,,11.37,55.1,0.2,-37.8989584,144.7266761,2017-11-01
0,1351535955,Featherbrook Community Centre,2020-07-15,22,,20.28,55.1,0.4,-37.8989584,144.7266761,2017-11-01
0,1351535955,Featherbrook Community Centre,2020-07-11,1.3,,1.22,55.1,0,-37.8989584,144.7266761,2017-11-01
0,1351535955,Featherbrook Community Centre,2020-07-12,17.6,,16.16,55.1,0.30000000000000004,-37.8989584,144.7266761,2017-11-01
0,1351535955,Featherbrook Community Centre,2020-07-16,18.5,,17.02,55.1,0.30000000000000004,-37.8989584,144.7266761,2017-11-01
0,1351535955,Featherbrook Community Centre,2020-07-14,15.5,,14.3,55.1,0.30000000000000004,-37.8989584,144.7266761,2017-11-01
0,1351535955,Featherbrook Community Centre,2020-07-21,72.8,,66.94,55.1,1.3,-37.8989584,144.7266761,2017-11-01
0,1351535955,Featherbrook Community Centre,2020-07-17,10.6,,9.78,55.1,0.2,-37.8989584,144.7266761,2017-11-01
0,1351535955,Featherbrook Community Centre,2020-07-18,11.3,,10.37,55.1,0.2,-37.8989584,144.7266761,2017-11-01
0,1351535955,Featherbrook Community Centre,2020-07-19,13.5,,12.4,55.1,0.2,-37.8989584,144.7266761,2017-11-01
0,1351535955,Featherbrook Community Centre,2020-07-22,86.5,,79.58,55.1,1.6,-37.8989584,144.7266761,2017-11-01
0,1351535955,Featherbrook Community Centre,2020-07-20,15.9,,14.6,55.1,0.30000000000000004,-37.8989584,144.7266761,2017-11-01
0,1351535955,Featherbrook Community Centre,2020-07-24,119.7,,110.11,55.1,2.2,-37.8989584,144.7266761,2017-11-01
0,1351535955,Featherbrook Community Centre,2020-07-23,54.4,,50.09,55.1,1,-37.8989584,144.7266761,2017-11-01
0,1351535955,Featherbrook Community Centre,2020-07-26,38.7,,35.61,55.1,0.7000000000000001,-37.8989584,144.7266761,2017-11-01
0,1351535955,Featherbrook Community Centre,2020-07-25,94.5,,86.93,55.1,1.7000000000000002,-37.8989584,144.7266761,2017-11-01
0,1351535955,Featherbrook Community Centre,2020-07-31,126.5,,116.41,55.1,2.3,-37.8989584,144.7266761,2017-11-01
0,1351535955,Featherbrook Community Centre,2020-08-01,127.1,,116.94,55.1,2.3,-37.8989584,144.7266761,2017-11-01
0,1351535955,Featherbrook Community Centre,2020-08-02,131.3,,120.75,55.1,2.4,-37.8989584,144.7266761,2017-11-01
0,1351535955,Featherbrook Community Centre,2020-07-27,97.7,,89.89,55.1,1.8,-37.8989584,144.7266761,2017-11-01
0,1351535955,Featherbrook Community Centre,2020-07-29,101.5,,93.35,55.1,1.8,-37.8989584,144.7266761,2017-11-01
0,1351535955,Featherbrook Community Centre,2020-07-28,115.2,,105.96,55.1,2.1,-37.8989584,144.7266761,2017-11-01
0,1351535955,Featherbrook Community Centre,2020-08-03,91.5,,84.21,55.1,1.7000000000000002,-37.8989584,144.7266761,2017-11-01
0,1351535955,Featherbrook Community Centre,2020-07-30,125.4,,115.33,55.1,2.3,-37.8989584,144.7266761,2017-11-01
0,1351535955,Featherbrook Community Centre,2020-08-05,87.7,,80.67,55.1,1.6,-37.8989584,144.7266761,2017-11-01
0,1351535955,Featherbrook Community Centre,2020-08-04,99.2,,91.29,55.1,1.8,-37.8989584,144.7266761,2017-11-01
0,1351535955,Featherbrook Community Centre,2020-08-09,133.8,,123.05,55.1,2.4,-37.8989584,144.7266761,2017-11-01
0,1351535955,Featherbrook Community Centre,2020-08-07,34.9,,32.08,55.1,0.6000000000000001,-37.8989584,144.7266761,2017-11-01
0,1351535955,Featherbrook Community Centre,2020-08-06,68.2,,62.79,55.1,1.2,-37.8989584,144.7266761,2017-11-01
0,1351535955,Featherbrook Community Centre,2020-08-08,51.5,,47.39,55.1,0.9,-37.8989584,144.7266761,2017-11-01
0,1351535955,Featherbrook Community Centre,2020-08-11,118.7,,109.18,55.1,2.2,-37.8989584,144.7266761,2017-11-01
0,1351535955,Featherbrook Community Centre,2020-08-10,136.3,,125.44,55.1,2.5,-37.8989584,144.7266761,2017-11-01
0,1351535955,Featherbrook Community Centre,2020-08-14,58.4,,53.74,55.1,1.1,-37.8989584,144.7266761,2017-11-01
0,1351535955,Featherbrook Community Centre,2020-08-12,133.4,,122.71,55.1,2.4,-37.8989584,144.7266761,2017-11-01
0,1351535955,Featherbrook Community Centre,2020-08-15,123.7,,113.77,55.1,2.2,-37.8989584,144.7266761,2017-11-01
0,1351535955,Featherbrook Community Centre,2020-08-13,115.7,,106.42,55.1,2.1,-37.8989584,144.7266761,2017-11-01
0,1351535955,Featherbrook Community Centre,2020-08-17,130.9,,120.43,55.1,2.4,-37.8989584,144.7266761,2017-11-01
0,1351535955,Featherbrook Community Centre,2020-08-19,60.5,,55.66,55.1,1.1,-37.8989584,144.7266761,2017-11-01
0,1351535955,Featherbrook Community Centre,2020-08-18,119.7,,110.15,55.1,2.2,-37.8989584,144.7266761,2017-11-01
0,1351535955,Featherbrook Community Centre,2020-08-21,136.2,,125.31,55.1,2.5,-37.8989584,144.7266761,2017-11-01
0,1351535955,Featherbrook Community Centre,2020-08-22,62.5,,57.49,55.1,1.1,-37.8989584,144.7266761,2017-11-01
0,1351535955,Featherbrook Community Centre,2020-08-20,118.2,,108.76,55.1,2.1,-37.8989584,144.7266761,2017-11-01
0,1351535955,Featherbrook Community Centre,2020-08-24,115.9,,106.62,55.1,2.1,-37.8989584,144.7266761,2017-11-01
0,1351535955,Featherbrook Community Centre,2020-08-23,97.6,,89.75,55.1,1.8,-37.8989584,144.7266761,2017-11-01
0,1351535955,Featherbrook Community Centre,2020-08-25,120.3,,110.7,55.1,2.2,-37.8989584,144.7266761,2017-11-01
0,1351535955,Featherbrook Community Centre,2020-08-26,126.7,,116.55,55.1,2.3,-37.8989584,144.7266761,2017-11-01
0,1351535955,Featherbrook Community Centre,2020-08-27,140.7,,129.47,55.1,2.6,-37.8989584,144.7266761,2017-11-01
0,1351535955,Featherbrook Community Centre,2020-08-28,175.2,,161.21,55.1,3.2,-37.8989584,144.7266761,2017-11-01
0,1351535955,Featherbrook Community Centre,2020-08-29,183.8,,169.06,55.1,3.3,-37.8989584,144.7266761,2017-11-01
0,1351535955,Featherbrook Community Centre,2020-08-30,68.4,,62.94,55.1,1.2,-37.8989584,144.7266761,2017-11-01
0,1351535955,Featherbrook Community Centre,2020-08-31,122.3,,112.47,55.1,2.2,-37.8989584,144.7266761,2017-11-01
0,1351535955,Featherbrook Community Centre,2020-09-01,171.4,,157.68,55.1,3.1,-37.8989584,144.7266761,2017-11-01
0,1351535955,Featherbrook Community Centre,2020-09-03,160.5,,147.64,55.1,2.9,-37.8989584,144.7266761,2017-11-01
0,1351535955,Featherbrook Community Centre,2020-09-02,128.2,,117.98,55.1,2.3,-37.8989584,144.7266761,2017-11-01
0,1351535955,Featherbrook Community Centre,2020-09-05,131.3,,120.77,55.1,2.4,-37.8989584,144.7266761,2017-11-01
0,1351535955,Featherbrook Community Centre,2020-09-04,127.8,,117.55,55.1,2.3,-37.8989584,144.7266761,2017-11-01
0,1351535955,Featherbrook Community Centre,2020-09-08,39.8,,36.57,55.1,0.7000000000000001,-37.8989584,144.7266761,2017-11-01
0,1351535955,Featherbrook Community Centre,2020-09-06,193.7,,178.24,55.1,3.5,-37.8989584,144.7266761,2017-11-01
0,1351535955,Featherbrook Community Centre,2020-09-07,193.6,,178.13,55.1,3.5,-37.8989584,144.7266761,2017-11-01
0,1351535955,Featherbrook Community Centre,2020-09-09,185.4,,170.56,55.1,3.4,-37.8989584,144.7266761,2017-11-01
0,1351535955,Featherbrook Community Centre,2020-09-10,195.7,,180.04,55.1,3.6,-37.8989584,144.7266761,2017-11-01
0,1351535955,Featherbrook Community Centre,2020-09-11,115.2,,106.01,55.1,2.1,-37.8989584,144.7266761,2017-11-01
0,1351535955,Featherbrook Community Centre,2020-09-12,14.6,,13.43,55.1,0.30000000000000004,-37.8989584,144.7266761,2017-11-01
0,1351535955,Featherbrook Community Centre,2020-09-13,199.1,,183.2,55.1,3.6,-37.8989584,144.7266761,2017-11-01
0,1351535955,Featherbrook Community Centre,2020-09-14,169.3,,155.75,55.1,3.1,-37.8989584,144.7266761,2017-11-01
0,1351535955,Featherbrook Community Centre,2020-09-15,199,,183.07,55.1,3.6,-37.8989584,144.7266761,2017-11-01
0,1351535955,Featherbrook Community Centre,2020-09-16,159.4,,146.66,55.1,2.9,-37.8989584,144.7266761,2017-11-01
0,1351535955,Featherbrook Community Centre,2020-09-17,79.8,,73.43,55.1,1.5,-37.8989584,144.7266761,2017-11-01
0,1351535955,Featherbrook Community Centre,2020-09-18,95.6,,87.93,55.1,1.7000000000000002,-37.8989584,144.7266761,2017-11-01
0,1351535955,Featherbrook Community Centre,2020-09-19,154.3,,141.98,55.1,2.8,-37.8989584,144.7266761,2017-11-01
0,1351535955,Featherbrook Community Centre,2020-09-20,168.2,,154.72,55.1,3.1,-37.8989584,144.7266761,2017-11-01
0,1351535955,Featherbrook Community Centre,2020-09-21,162.1,,149.1,55.1,2.9,-37.8989584,144.7266761,2017-11-01
0,1351535955,Featherbrook Community Centre,2020-09-24,117.7,,108.28,55.1,2.1,-37.8989584,144.7266761,2017-11-01
0,1351535955,Featherbrook Community Centre,2020-09-27,229.2,,210.86,55.1,4.2,-37.8989584,144.7266761,2017-11-01
0,1351535955,Featherbrook Community Centre,2020-09-22,177.3,,163.15,55.1,3.2,-37.8989584,144.7266761,2017-11-01
0,1351535955,Featherbrook Community Centre,2020-09-28,186.6,,171.69,55.1,3.4,-37.8989584,144.7266761,2017-11-01
0,1351535955,Featherbrook Community Centre,2020-09-23,137.8,,126.82,55.1,2.5,-37.8989584,144.7266761,2017-11-01
0,1351535955,Featherbrook Community Centre,2020-09-25,98.2,,90.32,55.1,1.8,-37.8989584,144.7266761,2017-11-01
0,1351535955,Featherbrook Community Centre,2020-09-26,149.1,,137.17,55.1,2.7,-37.8989584,144.7266761,2017-11-01
0,1351535955,Featherbrook Community Centre,2020-09-29,25.2,,23.16,55.1,0.5,-37.8989584,144.7266761,2017-11-01
0,1351535955,Featherbrook Community Centre,2020-10-02,33.5,,30.84,55.1,0.6000000000000001,-37.8989584,144.7266761,2017-11-01
0,1351535955,Featherbrook Community Centre,2020-10-03,25.2,,23.2,55.1,0.5,-37.8989584,144.7266761,2017-11-01
0,1351535955,Featherbrook Community Centre,2020-10-04,8.5,,7.83,55.1,0.2,-37.8989584,144.7266761,2017-11-01
0,1351535955,Featherbrook Community Centre,2020-09-30,11.1,,10.23,55.1,0.2,-37.8989584,144.7266761,2017-11-01
0,1351535955,Featherbrook Community Centre,2020-10-01,30.7,,28.25,55.1,0.6000000000000001,-37.8989584,144.7266761,2017-11-01
0,1351535955,Featherbrook Community Centre,2020-10-05,16.5,,15.17,55.1,0.30000000000000004,-37.8989584,144.7266761,2017-11-01
0,1351535955,Featherbrook Community Centre,2020-10-08,11.4,,10.53,55.1,0.2,-37.8989584,144.7266761,2017-11-01
0,1351535955,Featherbrook Community Centre,2020-10-09,16.1,,14.83,55.1,0.30000000000000004,-37.8989584,144.7266761,2017-11-01
0,1351535955,Featherbrook Community Centre,2020-10-06,5.2,,4.77,55.1,0.1,-37.8989584,144.7266761,2017-11-01
0,1351535955,Featherbrook Community Centre,2020-10-10,29.7,,27.3,55.1,0.5,-37.8989584,144.7266761,2017-11-01
0,1351535955,Featherbrook Community Centre,2020-10-07,6.3,,5.77,55.1,0.1,-37.8989584,144.7266761,2017-11-01
0,1351535955,Featherbrook Community Centre,2020-10-11,28.6,,26.35,55.1,0.5,-37.8989584,144.7266761,2017-11-01
0,1351535955,Featherbrook Community Centre,2020-10-12,28.3,,26.06,55.1,0.5,-37.8989584,144.7266761,2017-11-01
0,1351535955,Featherbrook Community Centre,2020-10-13,21.9,,20.16,55.1,0.4,-37.8989584,144.7266761,2017-11-01
0,1351535955,Featherbrook Community Centre,2020-10-14,25.7,,23.68,55.1,0.5,-37.8989584,144.7266761,2017-11-01
0,1351535955,Featherbrook Community Centre,2020-10-18,13.5,,12.38,55.1,0.2,-37.8989584,144.7266761,2017-11-01
0,1351535955,Featherbrook Community Centre,2020-10-22,30.6,,28.16,55.1,0.6000000000000001,-37.8989584,144.7266761,2017-11-01
0,1351535955,Featherbrook Community Centre,2020-10-15,3.6,,3.35,55.1,0.1,-37.8989584,144.7266761,2017-11-01
0,1351535955,Featherbrook Community Centre,2020-10-19,19.7,,18.1,55.1,0.4,-37.8989584,144.7266761,2017-11-01
0,1351535955,Featherbrook Community Centre,2020-10-16,27.5,,25.32,55.1,0.5,-37.8989584,144.7266761,2017-11-01
0,1351535955,Featherbrook Community Centre,2020-10-17,15.5,,14.25,55.1,0.30000000000000004,-37.8989584,144.7266761,2017-11-01
0,1351535955,Featherbrook Community Centre,2020-10-20,22.2,,20.41,55.1,0.4,-37.8989584,144.7266761,2017-11-01
0,1351535955,Featherbrook Community Centre,2020-10-21,30.3,,27.87,55.1,0.6000000000000001,-37.8989584,144.7266761,2017-11-01
0,1351535955,Featherbrook Community Centre,2020-10-26,35.8,,32.9,55.1,0.7000000000000001,-37.8989584,144.7266761,2017-11-01
0,1351535955,Featherbrook Community Centre,2020-10-23,9.9,,9.11,55.1,0.2,-37.8989584,144.7266761,2017-11-01
0,1351535955,Featherbrook Community Centre,2020-10-24,11.2,,10.33,55.1,0.2,-37.8989584,144.7266761,2017-11-01
0,1351535955,Featherbrook Community Centre,2020-10-25,24,,22.1,55.1,0.4,-37.8989584,144.7266761,2017-11-01
0,1351535955,Featherbrook Community Centre,2020-10-27,25.1,,23.1,55.1,0.5,-37.8989584,144.7266761,2017-11-01
0,1351535955,Featherbrook Community Centre,2020-10-28,33.5,,30.86,55.1,0.6000000000000001,-37.8989584,144.7266761,2017-11-01
0,1351535955,Featherbrook Community Centre,2020-10-29,25.4,,23.33,55.1,0.5,-37.8989584,144.7266761,2017-11-01
0,1351535955,Featherbrook Community Centre,2020-11-02,33,,30.35,55.1,0.6000000000000001,-37.8989584,144.7266761,2017-11-01
0,1351535955,Featherbrook Community Centre,2020-10-30,31.7,,29.12,55.1,0.6000000000000001,-37.8989584,144.7266761,2017-11-01
0,1351535955,Featherbrook Community Centre,2020-10-31,21.8,,20.06,55.1,0.4,-37.8989584,144.7266761,2017-11-01
0,1351535955,Featherbrook Community Centre,2020-11-01,26.7,,24.56,55.1,0.5,-37.8989584,144.7266761,2017-11-01
0,1351535955,Featherbrook Community Centre,2020-11-03,32.2,,29.66,55.1,0.6000000000000001,-37.8989584,144.7266761,2017-11-01
0,1351535955,Featherbrook Community Centre,2020-11-05,33.9,,31.14,55.1,0.6000000000000001,-37.8989584,144.7266761,2017-11-01
0,1351535955,Featherbrook Community Centre,2020-11-04,3.6,,3.29,55.1,0.1,-37.8989584,144.7266761,2017-11-01
0,1351535955,Featherbrook Community Centre,2020-11-06,12.9,,11.88,55.1,0.2,-37.8989584,144.7266761,2017-11-01
0,1351535955,Featherbrook Community Centre,2020-11-23,19.6,,18.0,55.1,0.4,-37.8989584,144.7266761,2017-11-01
0,1351535955,Featherbrook Community Centre,2020-11-26,28.9,,26.63,55.1,0.5,-37.8989584,144.7266761,2017-11-01
0,1351535955,Featherbrook Community Centre,2020-11-07,35.3,,32.47,55.1,0.6000000000000001,-37.8989584,144.7266761,2017-11-01
0,1351535955,Featherbrook Community Centre,2020-11-08,37,,34.03,55.1,0.7000000000000001,-37.8989584,144.7266761,2017-11-01
0,1351535955,Featherbrook Community Centre,2020-11-09,34.6,,31.83,55.1,0.6000000000000001,-37.8989584,144.7266761,2017-11-01
0,1351535955,Featherbrook Community Centre,2020-11-10,34,,31.31,55.1,0.6000000000000001,-37.8989584,144.7266761,2017-11-01
0,1351535955,Featherbrook Community Centre,2020-11-11,4.9,,4.53,55.1,0.1,-37.8989584,144.7266761,2017-11-01
0,1351535955,Featherbrook Community Centre,2020-11-12,29.9,,27.49,55.1,0.5,-37.8989584,144.7266761,2017-11-01
0,1351535955,Featherbrook Community Centre,2020-11-13,17.5,,16.12,55.1,0.30000000000000004,-37.8989584,144.7266761,2017-11-01
0,1351535955,Featherbrook Community Centre,2020-11-14,27.7,,25.51,55.1,0.5,-37.8989584,144.7266761,2017-11-01
0,1351535955,Featherbrook Community Centre,2020-11-15,18.6,,17.13,55.1,0.30000000000000004,-37.8989584,144.7266761,2017-11-01
0,1351535955,Featherbrook Community Centre,2020-11-16,35.4,,32.56,55.1,0.6000000000000001,-37.8989584,144.7266761,2017-11-01
0,1351535955,Featherbrook Community Centre,2020-11-17,27.2,,25.05,55.1,0.5,-37.8989584,144.7266761,2017-11-01
0,1351535955,Featherbrook Community Centre,2020-11-18,34.7,,31.89,55.1,0.6000000000000001,-37.8989584,144.7266761,2017-11-01
0,1351535955,Featherbrook Community Centre,2020-11-19,33.4,,30.73,55.1,0.6000000000000001,-37.8989584,144.7266761,2017-11-01
0,1351535955,Featherbrook Community Centre,2020-11-20,35.3,,32.49,55.1,0.6000000000000001,-37.8989584,144.7266761,2017-11-01
0,1351535955,Featherbrook Community Centre,2020-11-21,18,,16.57,55.1,0.30000000000000004,-37.8989584,144.7266761,2017-11-01
0,1351535955,Featherbrook Community Centre,2020-11-22,13.6,,12.52,55.1,0.30000000000000004,-37.8989584,144.7266761,2017-11-01
0,1351535955,Featherbrook Community Centre,2020-11-24,16.4,,15.13,55.1,0.30000000000000004,-37.8989584,144.7266761,2017-11-01
0,1351535955,Featherbrook Community Centre,2020-11-25,33.4,,30.74,55.1,0.6000000000000001,-37.8989584,144.7266761,2017-11-01
0,1351535955,Featherbrook Community Centre,2020-11-30,36.2,,33.28,55.1,0.7000000000000001,-37.8989584,144.7266761,2017-11-01
0,1351535955,Featherbrook Community Centre,2020-11-28,9.7,,8.94,55.1,0.2,-37.8989584,144.7266761,2017-11-01
0,1351535955,Featherbrook Community Centre,2020-11-29,22.7,,20.93,55.1,0.4,-37.8989584,144.7266761,2017-11-01
0,1351535955,Featherbrook Community Centre,2020-11-27,31.7,,29.13,55.1,0.6000000000000001,-37.8989584,144.7266761,2017-11-01
0,1351535955,Featherbrook Community Centre,2020-12-01,10.3,,9.49,55.1,0.2,-37.8989584,144.7266761,2017-11-01
0,1351535955,Featherbrook Community Centre,2021-01-28,7,,6.39,55.1,0.1,-37.8989584,144.7266761,2017-11-01
0,1351535955,Featherbrook Community Centre,2021-01-29,7.7,,7.11,55.1,0.1,-37.8989584,144.7266761,2017-11-01
0,1351535955,Featherbrook Community Centre,2021-02-02,16.9,,15.57,55.1,0.30000000000000004,-37.8989584,144.7266761,2017-11-01
0,1351535955,Featherbrook Community Centre,2021-01-30,22.9,,21.04,55.1,0.4,-37.8989584,144.7266761,2017-11-01
0,1351535955,Featherbrook Community Centre,2021-01-31,29.6,,27.25,55.1,0.5,-37.8989584,144.7266761,2017-11-01
0,1351535955,Featherbrook Community Centre,2021-02-04,21.5,,19.77,55.1,0.4,-37.8989584,144.7266761,2017-11-01
0,1351535955,Featherbrook Community Centre,2021-02-01,12.8,,11.74,55.1,0.2,-37.8989584,144.7266761,2017-11-01
0,1351535955,Featherbrook Community Centre,2021-02-05,48.9,,45.01,55.1,0.9,-37.8989584,144.7266761,2017-11-01
0,1351535955,Featherbrook Community Centre,2021-02-03,35.9,,33.06,55.1,0.7000000000000001,-37.8989584,144.7266761,2017-11-01
0,1351535955,Featherbrook Community Centre,2021-02-06,184.8,,170.05,55.1,3.4,-37.8989584,144.7266761,2017-11-01
